BIN,Street,Building,Level,Side,CODE,Observation,Qty,Section,Status
S150M,S,15,0,M,PN710,,,TAPWARE,
R151R,R,15,1,R,HE.08-D2F,,,TAPWARE,
S152M,S,15,2,M,VA01,,,TAPWARE,
S152M,S,15,2,M,VA01.01,,,TAPWARE,
S153M,S,15,3,M,VA03,,,TAPWARE,
S141L,S,14,1,L,PR.09-1H,,,TAPWARE,
Z30L,Z,3,0,L,PC110,,16,TAPWARE,
S143L,S,14,3,L,PA620,,14,TAPWARE,
S144L,S,14,4,L,PA136,,,TAPWARE,
S141M,S,14,1,M,PQ.HS-2,,,TAPWARE,
S141R,S,14,1,R,PK5544,,32,TAPWARE,
S142R,S,14,2,R,DS1808,,171,TAPWARE,
S142R,S,14,2,R,DS1811,,128,TAPWARE,
S143R,S,14,3,R,PN620,,,TAPWARE,
S144R,S,14,4,R,PA140,,20,TAPWARE,
S131L,S,13,1,L,P30.07-1HF.41,,40,TAPWARE,
S131L,S,13,1,L,P30.07-1HS.48,,30,TAPWARE,
S131L,S,13,1,L,S30.07-1HR.02,,60,TAPWARE,
S132L,S,13,2,L,P30.07-1HF.02,,,TAPWARE,
S132L,S,13,2,L,P30.07-1HS.46,,,TAPWARE,
S133L,S,13,3,L,JJ.00.TT,,,TAPWARE,
S133L,S,13,3,L,JZ.02W,,,TAPWARE,
S133L,S,13,3,L,JZ.SA.1W,,,TAPWARE,
S133L,S,13,3,L,JZ.00.TT,,,TAPWARE,
S134L,S,13,4,L,PA130,need to be checked,,TAPWARE,
S134M,S,13,4,M,Pallet 400,,,TAPWARE,
S133M,S,13,3,M,PP.08-D2W,,,TAPWARE,
S134R,S,13,4,R,SHOWER HEAD AND ACCESSORIES MIX BATH FILLER FROM SAMPLE ROOM,,,TAPWARE,
S133R,S,13,3,R,PP.HS-2,,,TAPWARE,
S132R,S,13,2,R,PN702-P,502KG,16,TAPWARE,
S131R,S,13,1,R,LAVELO FLUTED BIANCO,,10,TAPWARE,
S124L,S,12,4,L,PC100,,,TAPWARE,
S124L,S,12,4,L,PC110,,,TAPWARE,
S124L,S,12,4,L,PC120,,,TAPWARE,
S124L,S,12,4,L,PC135,Deco column system,,TAPWARE,
S123L,S,12,3,L,X30.07-1HRO,,114,TAPWARE,
S122L,S,12,2,L,SS.01-3W190-D,,,TAPWARE,
S122L,S,12,2,L,S30.07-1HS,,,TAPWARE,
S122L,S,12,2,L,S30.07-1HR.46,,,TAPWARE,
S121L,S,12,1,L,PN600,,15,TAPWARE,
S123M,S,12,3,M,JZ.01-3H-NH,,,TAPWARE,
S124R,S,12,4,R,PA822,,,TAPWARE,
S123R,S,12,3,R,HE.01-1HTB,,,TAPWARE,
S122R,S,12,2,R,PN900,,,TAPWARE,
S121R,S,12,1,R,PN335,,,TAPWARE,
R154L,R,15,4,L,PA822-P,,,TAPWARE,
R153L,R,15,3,L,JL.01-1H,,,TAPWARE,
R152L,R,15,2,L,PP.08-D2W,,,TAPWARE,
S104L,S,10,4,L,PP.08-1F,,,TAPWARE,
R150L,R,15,0,L,T133,,,TAPWARE,
R153M,R,15,3,M,JZ.01-3H-NH,,,TAPWARE,
R153M,R,15,3,M,PP.07-1HS,,,TAPWARE,
S104L,S,10,4,L,CR.035.HDR,,,TAPWARE,
S104L,S,10,4,L,CR.035.HDS,,,TAPWARE,
R154R,R,15,4,R,PA822,,,TAPWARE,
R153R,R,15,3,R,PQ.RH,,,TAPWARE,
R152R,R,15,2,R,PP.08.D2W.R,,,TAPWARE,
S104M,S,10,4,M,KE.TH,,,TAPWARE,
S104M,S,10,4,M,KE.TRD77.50,,,TAPWARE,
S104M,S,10,4,M,KE.SAWF.41,,,TAPWARE,
S104M,S,10,4,M,KE.SAWF.50,,,TAPWARE,
S104M,S,10,4,M,KE.00.B.41,,,TAPWARE,
S104M,S,10,4,M,KE.TR77.41,,,TAPWARE,
R150R,R,15,0,R,T133,,,TAPWARE,
R144L,R,14,4,L,PN822-P,,,TAPWARE,
R143L,R,14,3,L,PPW.HS-2,,,TAPWARE,
R143L,R,14,3,L,PQW.HS-2,,,TAPWARE,
R142L,R,14,2,L,PP.07-1HRO.50,,,TAPWARE,
R141L,R,14,1,L,P2.BRS,,,TAPWARE,
R140L,R,14,0,L,T133,,,TAPWARE,
R144R,R,14,4,R,PA832,,,TAPWARE,
R143M,R,14,3,M,JZ.SH.B220,,,TAPWARE,
R143M,R,14,3,M,Y-SR.01-3W160-D.50,,,TAPWARE,
R143M,R,14,3,M,SR.01,,,TAPWARE,
R141M,R,14,1,M,ST.SR,no hose ,,TAPWARE,
R143R,R,14,3,R,PQ.TR24,,,TAPWARE,
R143R,R,14,3,R,PQ.TR35,,,TAPWARE,
R143R,R,14,3,R,PQ.HK,,,TAPWARE,
R143R,R,14,3,R,PQ.HK.50,,,TAPWARE,
R143R,R,14,3,R,PQ.RH,,,TAPWARE,
R142R,R,14,2,R,1922 CP750,,,TAPWARE,
R142R,R,14,2,R,1960 TOWEL RING,,,TAPWARE,
R142R,R,14,2,R,1980 RACK,,,TAPWARE,
R141R,R,14,1,R,LH.04-D,,,TAPWARE,
R141R,R,14,1,R,LH.SH.B590,,,TAPWARE,
R141R,R,14,1,R,LH.01-1H,,,TAPWARE,
R141R,R,14,1,R,LH.01-1HH,,,TAPWARE,
R140R,R,14,0,R,T133,,,TAPWARE,
R134L,R,13,4,L,PA822,,,TAPWARE,
R133L,R,13,3,L,EB.01-1HA,,,TAPWARE,
R133L,R,13,3,L,EB.01-1H,,,TAPWARE,
R133L,R,13,3,L,EB.01-3H,,,TAPWARE,
R131L,R,13,1,L,EA.05-1000,,,TAPWARE,
R130L,R,13,0,L,T133,,,TAPWARE,
R133M,R,13,3,M,TR110,,,TAPWARE,
R133M,R,13,3,M,TR110,,,TAPWARE,
R133M,R,13,3,M,TR111,,,TAPWARE,
R133M,R,13,3,M,TR340,,,TAPWARE,
R131M,R,13,1,M,S30.07-1HR,,,TAPWARE,
R134R,R,13,4,R,PA822,,,TAPWARE,
R133R,R,13,3,R,JL.01-1H,,,TAPWARE,
R132R,R,13,2,R,PP 07-1HRO.50,,,TAPWARE,
R131R,R,13,1,R,NE02812,,,TAPWARE,
R130R,R,13,0,R,PN900-C,,,TAPWARE,
R124L,R,12,4,L,PN832,,,TAPWARE,
R123L,R,12,3,L,JZ.00W.CH,,,TAPWARE,
R122L,R,12,2,L,P1.08-D2W,,,TAPWARE,
R121L,R,12,1,L,LT.01-1H,,,TAPWARE,
R121L,R,12,1,L,LT.HS.41,,,TAPWARE,
R121L,R,12,1,L,LT.HS.46,,,TAPWARE,
R121L,R,12,1,L,LT.HS.50,,,TAPWARE,
R120L,R,12,0,L,T133,,,TAPWARE,
R123M,R,12,3,M,PQ SR,,,TAPWARE,
R121M,R,12,1,M,NE022B,,,TAPWARE,
R124R,R,12,4,R,PN822-P,,,TAPWARE,
R122R,R,12,2,R,P1.08-D2W,,,TAPWARE,
R121R,R,12,1,R,PP.07.1HR,,,TAPWARE,
R120R,R,12,0,R,T133,,,TAPWARE,
R114L,R,11,4,L,PA832,,,TAPWARE,
R113L,R,11,3,L,VA01,,1,TAPWARE,
R113L,R,11,3,L,VA02,,43,TAPWARE,
R113L,R,11,3,L,VA03,,,TAPWARE,
R112L,R,11,2,L,NE019,,352,TAPWARE,
R110L,R,11,0,L,T133,,,TAPWARE,
R112M,R,11,2,M,NE481,,32,TAPWARE,
R114R,R,11,4,R,PA832,,,TAPWARE,
R113R,R,11,3,R,PK5544,,32,TAPWARE,
R112R,R,11,2,R,NE04812.41,,,TAPWARE,
R110R,R,11,0,R,T133,,,TAPWARE,
R104L,R,10,4,L,TO.CF300,,,TAPWARE,
R104L,R,10,4,L,TO.CF400,,,TAPWARE,
R103L,R,10,3,L,OV.02HS2.50,,70,TAPWARE,
R103L,R,10,3,L,OV.02HS,,50,TAPWARE,
R103L,R,10,3,L,OV.01-1H,,30,TAPWARE,
R102L,R,10,2,L,PMP325,,,TAPWARE,
R101L,R,10,1,L,NE04812.41,,300,TAPWARE,
R100L,R,10,0,L,T133,,,TAPWARE,
R104M,R,10,4,M,SAMPLE,,,TAPWARE,
R103M,R,10,3,M,E2.SA.1W,,240,TAPWARE,
R101M,R,10,1,M,HE.08-D2F.40,,17,TAPWARE,
R104R,R,10,4,R,NE04822,,144,TAPWARE,
R103R,R,10,3,R,P1.08-D2W,,40,TAPWARE,
R101R,R,10,1,R,PR.09-1H,,280,TAPWARE,
R100R,R,10,0,R,T133,,,TAPWARE,
R94L,R,9,4,L,PN760,,,TAPWARE,
R93L,R,9,3,L,QQ.03F,,72,TAPWARE,
R92L,R,9,2,L,S30.07-1HR,,118,TAPWARE,
S154M,S,15,4,M,TC10801,DISCONTINUED,45,TAPWARE,
R93L,R,9,3,L,TO.02F-D,,,TAPWARE,
R92M,R,9,2,M,OV.SH.B300,,64,TAPWARE,
R92M,R,9,2,M,OV.SH.A300,,8,TAPWARE,
R92M,R,9,2,M,OV.GS,,50,TAPWARE,
R92M,R,9,2,M,OV.TRD60,,124,TAPWARE,
R94R,R,9,4,R,ISOPOR,,,TAPWARE,
R92R,R,9,2,R,PE.07-1HR.48,,,TAPWARE,
R91R,R,9,1,R,P30.07-1HR,,,TAPWARE,
R82L,R,8,2,L,EE.SA.1WA.41,,43,TAPWARE,
R81L,R,8,1,L,BASIN,,,TAPWARE,
R80L,R,8,0,L,T133,,,TAPWARE,
R83M,R,8,3,M,VA03,,16,TAPWARE,
R82M,R,8,2,M,EE.SA.1WA,,91,TAPWARE,
R84R,R,8,4,R,PN732,534KG,16,TAPWARE,
R83R,R,8,3,R,PN5610,,45,TAPWARE,
R82R,R,8,2,R,EE.02F,,,TAPWARE,
R82R,R,8,2,R,EE.03F,,,TAPWARE,
R82R,R,8,2,R,EE.08.SR-120.41,,5,TAPWARE,
R82R,R,8,2,R,EE.08.SR-120.41,,3,TAPWARE,
R81R,R,8,1,R,LAKE,,,TAPWARE,
R80R,R,8,0,R,T133,,,TAPWARE,
R74L,R,7,4,L,PN5112,,180,TAPWARE,
R73L,R,7,3,L,PK6744L,,32,TAPWARE,
R70L,R,7,0,L,T133,,,TAPWARE,
R74R,R,7,4,R,ST.GB90WL.50,,,TAPWARE,
R74R,R,7,4,R,ST.GB90WR.50,,,TAPWARE,
R73R,R,7,3,R,C5208,GLOSSY,,TAPWARE,
R72R,R,7,2,R,PMP145,,60,TAPWARE,
R71R,R,7,1,R,S2.01-1H.41,,360,TAPWARE,
R70R,R,7,0,R,T133,,,TAPWARE,
R71M,R,7,1,M,NE981.02,,4,TAPWARE,
R64L,R,6,4,L,P2.SH.A245.46,,,TAPWARE,
R63L,R,6,3,L,P2.SA.A245.46,,280,TAPWARE,
R61L,R,6,1,L,TO.SD02HC.41,,47,TAPWARE,
R61L,R,6,1,L,TO.SD02HC.46,,45,TAPWARE,
R63M,R,6,3,M,PP.SD02WF.41,,48,TAPWARE,
R63M,R,6,3,M,PP.SD02WF.46,,50,TAPWARE,
R63M,R,6,3,M,PP.SD02WF.48,,10,TAPWARE,
R63M,R,6,3,M,PP.SD02WF.50,,50,TAPWARE,
R62R,R,6,2,R,TO.SD02HC.41,,47,TAPWARE,
R62R,R,6,2,R,TO.SD02HC.46,,45,TAPWARE,
R62R,R,6,2,R,TO.SD02HC.48,,47,TAPWARE,
R62R,R,6,2,R,TO.SD02HC.50,,1,TAPWARE,
R64R,R,6,4,R,PN812,,,TAPWARE,
R63R,R,6,3,R,P2.SA.A245.02,,280,TAPWARE,
S31L,S,3,1,L,PR.09-1H,,,TAPWARE,
R60R,R,6,0,R,T133,,,TAPWARE,
S114L,S,11,4,L,ST.GB90WR,,,TAPWARE,
S114L,S,11,4,L,ST.GB90WL,,,TAPWARE,
S113L,S,11,3,L,P30.07-1HF,,180,TAPWARE,
S112L,S,11,2,L,S30.07-1HF,,,TAPWARE,
S111L,S,11,1,L,LH.SR,,480,TAPWARE,
S111M,S,11,1,M,S5.01-3W190-D,,,TAPWARE,
S114R,S,11,4,R,PA822,,,TAPWARE,
S113R,S,11,3,R,G600,,,TAPWARE,
S113R,S,11,3,R,G700,,,TAPWARE,
S113R,S,11,3,R,Z-7338,,,TAPWARE,
S113R,S,11,3,R,Z-7330,,,TAPWARE,
S113R,S,11,3,R,Z-7511,,,TAPWARE,
S113R,S,11,3,R,Z-73334,,,TAPWARE,
S113R,S,11,3,R,GA503,,,TAPWARE,
S113R,S,11,3,R,GA7305,,,TAPWARE,
S113R,S,11,3,R,GA584,,,TAPWARE,
S113R,S,11,3,R,GA2082,,,TAPWARE,
S113R,S,11,3,R,GA5485,,,TAPWARE,
S112R,S,11,2,R,PMP145,,60,TAPWARE,
S103L,S,10,3,L,PA320,,,TAPWARE,
S102L,S,10,2,L,LH.SR,,,TAPWARE,
R111L,R,11,1,L,PK5544,,32,TAPWARE,
S102M,S,10,2,M,HE.02HBS,,761,TAPWARE,
S103R,S,10,3,R,PP.08-1F.E.50,,,TAPWARE,
S94L,S,9,4,L,PA330,,,TAPWARE,
S93L,S,9,3,L,PA136,,,TAPWARE,
S92L,S,9,2,L,66,,,TAPWARE,
S91L,S,9,1,L,P2.08-DTW.41,,66,TAPWARE,
S92M,S,9,2,M,JL.01-1H,,,TAPWARE,
S94R,S,9,4,R,PA320,,,TAPWARE,
S92R,S,9,2,R,P30.07-1HS,,20,TAPWARE,
S92R,S,9,2,R,P30.07.1HR.02,,54,TAPWARE,
S91R,S,9,1,R,TC10801,,42,TAPWARE,
S84L,S,8,4,L,PA330,,,TAPWARE,
S83L,S,8,3,L,P2.01-1H,ENVY,400,TAPWARE,
Z42R,Z,4,2,R,PK8644D,,14,WAREHOUSE 2,
S102R,S,10,2,R,LT.01-1H,,,TAPWARE,
S102R,S,10,2,R,LT.HS.02,,,TAPWARE,
S102R,S,10,2,R,LT.HS.41,,,TAPWARE,
S102R,S,10,2,R,LT.HS.46,,,TAPWARE,
S102R,S,10,2,R,LT.HS.50,,,TAPWARE,
S102R,S,10,2,R,PDB.LT.00PR-40,,,TAPWARE,
S83R,S,8,3,R,PMP325,,,TAPWARE,
S82R,S,8,2,R,P30.07-1HS,,148,TAPWARE,
S81R,S,8,1,R,SP.PA3003,,,TAPWARE,
S81R,S,8,1,R,PN0579.46,,,TAPWARE,
S81R,S,8,1,R,PN0579.48,,,TAPWARE,
S81R,S,8,1,R,PN0579.50,,,TAPWARE,
S81R,S,8,1,R,PN0579.41,,,TAPWARE,
S81M,S,8,1,M,PN612,SAMPLE W151RL BLACK ,1,TAPWARE,
S81M,S,8,1,M,PN720,,2,TAPWARE,
S81M,S,8,1,M,PN722,,1,TAPWARE,
S81M,S,8,1,M,PN740,,3,TAPWARE,
S81M,S,8,1,M,PN760-P,,3,TAPWARE,
S74L,S,7,4,L,PA330,,,TAPWARE,
S73L,S,7,3,L,PN5321,,,TAPWARE,
S72L,S,7,2,L,E2.HS-3H.46,,,TAPWARE,
S71L,S,7,1,L,PP.07-1HR.41,,84,TAPWARE,
S71L,S,7,1,L,PE.07-1HS.46,,18,TAPWARE,
S74R,S,7,4,R,ST.GB90WR.50,,1,TAPWARE,
S74R,S,7,4,R,ST.GB90WR,,7,TAPWARE,
S74R,S,7,4,R,ST.GB90WL,,1,TAPWARE,
S73R,S,7,3,R,P2.08-DTW.50,,,TAPWARE,
S71R,S,7,1,R,PP.08-D2WR.50,,30,TAPWARE,
S72M,S,7,2,M,T2.08-D2F.46,,66,TAPWARE,
S71M,S,7,1,M,P2.07-1HR,,24,TAPWARE,
S71M,S,7,1,M,P2.07-1HR.50,,84,TAPWARE,
S64L,S,6,4,L,PN900-P,,,TAPWARE,
S63L,S,6,3,L,P2.SH.A245.41,,,TAPWARE,
S62L,S,6,2,L,EE.05-1000-40AQ,,86,TAPWARE,
S61L,S,6,1,L,XF.04W-D2.02,,228,TAPWARE,
S61L,S,6,1,L,XF.04W-D2,,384,TAPWARE,
S62M,S,6,2,M,PT-SR,,88,TAPWARE,
S61M,S,6,1,M,PP.01-1HR,FOI PRA TAPWARE,,TAPWARE,
S61M,S,6,1,M,PP.01-1HS,FOI PRA TAPWARE,,TAPWARE,
S61M,S,6,1,M,PP.01-2Q190-D,FOI PRA TAPWARE,,TAPWARE,
S61M,S,6,1,M,PP.04-D,FOI PRA TAPWARE,,TAPWARE,
S61M,S,6,1,M,PP.05-D,FOI PRA TAPWARE,,TAPWARE,
S61M,S,6,1,M,PP.09-3WS,FOI PRA TAPWARE,,TAPWARE,
S61M,S,6,1,M,PX.05-1.41,FOI PRA TAPWARE,,TAPWARE,
S61M,S,6,1,M,PP.01-1H,FOI PRA TAPWARE,,TAPWARE,
S64L,S,6,4,L,P2730-P,,,TAPWARE,
S63R,S,6,3,R,PMP325,,,TAPWARE,
S62R,S,6,2,R,P2.08-DTW.41,,66,TAPWARE,
S61R,S,6,1,R,P2.BRS,,72,TAPWARE,
U34L,U,3,4,L,PMP385,,,WAREHOUSE 2,
U33L,U,3,3,L,PN5700,,,WAREHOUSE 2,
U32L,U,3,2,L,PMP385,,,WAREHOUSE 2,
U34R,U,3,4,R,PMP385,,,WAREHOUSE 2,
U33R,U,3,3,R,PMP385,,,WAREHOUSE 2,
U32R,U,3,2,R,PMP385,,,WAREHOUSE 2,
U31L,U,3,1,L,PN622,758KG,30,WAREHOUSE 2,
U31R,U,3,1,R,PN622,758KG,30,WAREHOUSE 2,
U30R,U,3,0,R,PN702,502KG,16,WAREHOUSE 2,
U24L,U,2,4,L,PMP385,,,WAREHOUSE 2,
U23L,U,2,3,L,PMP385,,,WAREHOUSE 2,
U22L,U,2,2,L,PMP385,,,WAREHOUSE 2,
U24R,U,2,4,R,PMP385,,,WAREHOUSE 2,
U23R,U,2,3,R,PMP385,,,WAREHOUSE 2,
U22R,U,2,2,R,PMP385,,,WAREHOUSE 2,
U21L,U,2,1,L,PMP1001,,,WAREHOUSE 2,
U21R,U,2,1,R,PMP1101,,,WAREHOUSE 2,
U20L,U,2,0,L,PN702,502KG,16,WAREHOUSE 2,
U20R,U,2,0,R,PN702,502KG,16,WAREHOUSE 2,
U24L,U,2,4,L,PMP385,,,WAREHOUSE 2,
U24R,U,2,4,R,PMP385,,,WAREHOUSE 2,
U13M,U,1,3,M,CS105,,,WAREHOUSE 2,
U13M,U,1,3,M,Bath,,,WAREHOUSE 2,
U13R,U,1,3,R,C5114,,,WAREHOUSE 2,
U13R,U,1,3,R,106,,,WAREHOUSE 2,
U12M,U,1,2,M,Glass inside 23,,,WAREHOUSE 2,
U11L,U,1,1,L,Bath old,,,WAREHOUSE 2,
U11L,U,1,1,L,Bath old,,,WAREHOUSE 2,
U11M,U,1,1,M,Bath old,,,WAREHOUSE 2,
U11R,U,1,1,R,Bath old,,,WAREHOUSE 2,
U11R,U,1,1,R,Bath old,,,WAREHOUSE 2,
U11M,U,1,1,M,ABF17070C,,,WAREHOUSE 2,
U10L,U,1,0,L,PN702,502KG,16,WAREHOUSE 2,
U10R,U,1,0,R,PN702,502KG,16,WAREHOUSE 2,
T34L,T,3,4,L,PN702,502KG,16,WAREHOUSE 2,
T32L,T,3,2,L,PN622,758KG,30,WAREHOUSE 2,
T32R,T,3,2,R,PN622,758KG,30,WAREHOUSE 2,
T33L,T,3,3,L,PN622,758KG,30,WAREHOUSE 2,
T31L,T,3,1,L,PN622,758KG,30,WAREHOUSE 2,
T30L,T,3,0,L,PN702,502KG,16,WAREHOUSE 2,
T30R,T,3,0,R,PN702,502KG,16,WAREHOUSE 2,
T23L,T,2,3,L,PN622,758KG,30,WAREHOUSE 2,
T22L,T,2,2,L,PN622,758KG,30,WAREHOUSE 2,
T22M,T,2,2,M,PN702-P,502KG,16,WAREHOUSE 2,
T23R,T,2,3,R,PN622,758KG,30,WAREHOUSE 2,
T24L,T,2,4,L,PN702-P,502KG,16,WAREHOUSE 2,
T24R,T,2,4,R,PMP1001,,,WAREHOUSE 2,
T24R,T,2,4,R,PMP2301,,,WAREHOUSE 2,
T21L,T,2,1,L,PN622,758KG,30,WAREHOUSE 2,
T21R,T,2,1,R,PN622,758KG,30,WAREHOUSE 2,
T20L,T,2,0,L,PN702,502KG,16,WAREHOUSE 2,
T20R,T,2,0,R,PN702,502KG,16,WAREHOUSE 2,
T14L,T,1,4,L,PN710,,,WAREHOUSE 2,
T14R,T,1,4,R,PN710,,,WAREHOUSE 2,
T13L,T,1,3,L,PN702,502KG,16,WAREHOUSE 2,
T12L,T,1,2,L,PN5745,,168,WAREHOUSE 2,
T11L,T,1,1,L,PN5745,,168,WAREHOUSE 2,
S12L,S,1,2,L,PN5775,,,TAPWARE,
T12R,T,1,2,R,PN5745,,168,WAREHOUSE 2,
T11R,T,1,1,R,PN5745,,168,WAREHOUSE 2,
T10L,T,1,0,L,PA320,,,WAREHOUSE 2,
T10R,T,1,0,R,PN702,502KG,16,WAREHOUSE 2,
U51L,U,5,1,L,PN622,758KG,30,WAREHOUSE 2,
U52L,U,5,2,L,PA320,,,WAREHOUSE 2,
U53L,U,5,3,L,PN622,758KG,30,WAREHOUSE 2,
U54R,U,5,4,R,PK5544,,32,WAREHOUSE 2,
U53R,U,5,3,R,PN812,,,WAREHOUSE 2,
U52R,U,5,2,R,PN812,,,WAREHOUSE 2,
U51R,U,5,1,R,PN622,758KG,30,WAREHOUSE 2,
U63L,U,6,3,L,PA136,,,WAREHOUSE 2,
U62L,U,6,2,L,PA136,,,WAREHOUSE 2,
U63R,U,6,3,R,PA136,,,WAREHOUSE 2,
U62R,U,6,2,R,PK5544,,32,WAREHOUSE 2,
U73L,U,7,3,L,PN772,854 KG,24,WAREHOUSE 2,
U72L,U,7,2,L,PN772,854 KG,24,WAREHOUSE 2,
U71L,U,7,1,L,PN772,854 KG,24,WAREHOUSE 2,
U73R,U,7,3,R,PN702,502KG,16,WAREHOUSE 2,
U72R,U,7,2,R,PN782,,30,WAREHOUSE 2,
U71R,U,7,1,R,PN702,502KG,16,WAREHOUSE 2,
U83L,U,8,3,L,PN772,854 KG,24,WAREHOUSE 2,
U82L,U,8,2,L,PN772,854 KG,24,WAREHOUSE 2,
U81L,U,8,1,L,PN772,854 KG,24,WAREHOUSE 2,
U83R,U,8,3,R,PN772,854 KG,24,WAREHOUSE 2,
U82R,U,8,2,R,PN772,854 KG,24,WAREHOUSE 2,
U81R,U,8,1,R,PN772,854 KG,24,WAREHOUSE 2,
U94R,U,9,4,R,PN772,854 KG,24,WAREHOUSE 2,
U93R,U,9,3,R,PN772,854 KG,24,WAREHOUSE 2,
U92R,U,9,2,R,PN772,854 KG,24,WAREHOUSE 2,
U91R,U,9,1,R,PN772,854 KG,24,WAREHOUSE 2,
U90R,U,9,0,R,PMP7601/S,,,WAREHOUSE 2,
U94L,U,9,4,L,PN772,854 KG,24,WAREHOUSE 2,
U93L,U,9,3,L,PN772,854 KG,24,WAREHOUSE 2,
U92L,U,9,2,L,PN772,854 KG,24,WAREHOUSE 2,
U91L,U,9,1,L,PN772,854 KG,24,WAREHOUSE 2,
U90L,U,9,0,L,PMP7601/S,,,WAREHOUSE 2,
U104R,U,10,4,R,PN772,854 KG,24,WAREHOUSE 2,
U103R,U,10,3,R,PN772,854 KG,24,WAREHOUSE 2,
U102R,U,10,2,R,PN772,854 KG,24,WAREHOUSE 2,
U101R,U,10,1,R,PN772,854 KG,24,WAREHOUSE 2,
U100R,U,10,0,R,PN772,854 KG,24,WAREHOUSE 2,
U104L,U,10,4,L,PN772,854 KG,24,WAREHOUSE 2,
U103L,U,10,3,L,PN772,854 KG,24,WAREHOUSE 2,
U102L,U,10,2,L,PN772,854 KG,24,WAREHOUSE 2,
U101L,U,10,1,L,PN772,854 KG,24,WAREHOUSE 2,
T100L,T,10,0,L,PN772,854 KG,24,WAREHOUSE 2,
T103R,T,10,3,R,PN772,854 KG,24,WAREHOUSE 2,
T102R,T,10,2,R,PN772,854 KG,24,WAREHOUSE 2,
T101R,T,10,1,R,PN772,854 KG,24,WAREHOUSE 2,
T100R,T,10,0,R,PN772,854 KG,24,WAREHOUSE 2,
T104L,T,10,4,L,PN772,854 KG,24,WAREHOUSE 2,
T103L,T,10,3,L,PN772,854 KG,24,WAREHOUSE 2,
T102L,T,10,2,L,PN772,854 KG,24,WAREHOUSE 2,
T93L,T,9,3,L,PN772,854 KG,24,WAREHOUSE 2,
T92L,T,9,2,L,PN772,854 KG,24,WAREHOUSE 2,
T91L,T,9,1,L,PN772,854 KG,24,WAREHOUSE 2,
T93R,T,9,3,R,PN772,854 KG,24,WAREHOUSE 2,
T92R,T,9,2,R,PN772,854 KG,24,WAREHOUSE 2,
T91R,T,9,1,R,PN772,854 KG,24,WAREHOUSE 2,
T94R,T,9,4,R,PC100,,3,WAREHOUSE 2,
T94R,T,9,4,R,PC125,,2,WAREHOUSE 2,
T94L,T,9,4,L,PMP5901/S,,,WAREHOUSE 2,
T84L,T,8,4,L,RELAX,,,WAREHOUSE 2,
T83L,T,8,3,L,PN772,854 KG,24,WAREHOUSE 2,
T82L,T,8,2,L,PN772,854 KG,24,WAREHOUSE 2,
T81L,T,8,1,L,PN772,854 KG,24,WAREHOUSE 2,
T84R,T,8,4,R,PC100,,12,WAREHOUSE 2,
T84R,T,8,4,R,PC110,,3,WAREHOUSE 2,
T83R,T,8,3,R,PN772,854 KG,24,WAREHOUSE 2,
T82R,T,8,2,R,PN772,854 KG,24,WAREHOUSE 2,
T81R,T,8,1,R,PN772,854 KG,24,WAREHOUSE 2,
T74L,T,7,4,L,CRISTAL QUATRO,,,WAREHOUSE 2,
T73L,T,7,3,L,PN702,502KG,16,WAREHOUSE 2,
T72L,T,7,2,L,PN702,502KG,16,WAREHOUSE 2,
T71L,T,7,1,L,PN5745,,168,WAREHOUSE 2,
T73R,T,7,3,R,PN772,854 KG,24,WAREHOUSE 2,
T72R,T,7,2,R,PN772,854 KG,24,WAREHOUSE 2,
T64L,T,6,4,L,PMP5901/S,,,WAREHOUSE 2,
T63L,T,6,3,L,BAU,,,WAREHOUSE 2,
T62L,T,6,2,L,PN622,758KG,30,WAREHOUSE 2,
T61L,T,6,1,L,PC110,,,WAREHOUSE 2,
T63R,T,6,3,R,PN772,854 KG,24,WAREHOUSE 2,
T62R,T,6,2,R,PN702,502KG,16,WAREHOUSE 2,
T61R,T,6,1,R,TAPWARE TECH MANUALS,,,WAREHOUSE 2,
T54L,T,5,4,L,TAPWARE TECH MANUALS,,,WAREHOUSE 2,
T53L,T,5,3,L,PN660C,,,WAREHOUSE 2,
T52L,T,5,2,L,TC2080BKT.02,,,WAREHOUSE 2,
T51L,T,5,1,L,459,,,WAREHOUSE 2,
T53M,T,5,3,M,TC2080BKT,,,WAREHOUSE 2,
T52M,T,5,2,M,TC2080BKT.02,,,WAREHOUSE 2,
T52M,T,5,2,M,TC2080BKT,,,WAREHOUSE 2,
T53R,T,5,3,R,PN720,,,WAREHOUSE 2,
T52R,T,5,2,R,TC2080BKT.02,,,WAREHOUSE 2,
T51R,T,5,1,R,483,,,WAREHOUSE 2,
Q54M,Q,5,4,M,PN731,,,FURNITURE,
Q51M,Q,5,1,M,PN5161,,,FURNITURE,
Q64R,Q,6,4,R,PN731,,,FURNITURE,
Q74L,Q,7,4,L,PN731,,,FURNITURE,
Q74R,Q,7,4,R,PN731,,,FURNITURE,
Q72L,Q,7,2,L,PK5544,,32,FURNITURE,
Q72R,Q,7,2,R,PK5544,,32,FURNITURE,
L44R,L,4,4,R,PN5600,,,WAREHOUSE 2,
L43M,L,4,3,M,PN5745,,168,WAREHOUSE 2,
L54L,L,5,4,L,PN800,,,WAREHOUSE 2,
L53L,L,5,3,L,PN702,502KG,16,WAREHOUSE 2,
L51L,L,5,1,L,BATH,,,WAREHOUSE 2,
L51M,L,5,1,M,BATH ,,,WAREHOUSE 2,
L54R,L,5,4,R,PN800,,,WAREHOUSE 2,
L53R,L,5,3,R,PN800,,,WAREHOUSE 2,
L52R,L,5,2,R,PMP1001/A,,,WAREHOUSE 2,
L51R,L,5,1,R,PN800,,,WAREHOUSE 2,
L64M,L,6,4,M,PN800,,,WAREHOUSE 2,
L103R,L,10,3,R,PN800,,,WAREHOUSE 2,
L101R,L,10,1,R,PN800,,,WAREHOUSE 2,
L101L,L,10,1,L,PN800,,,WAREHOUSE 2,
L74R,L,7,4,R,PN800,,,WAREHOUSE 2,
L74L,L,7,4,L,PN800,,,WAREHOUSE 2,
L73R,L,7,3,R,PN800,,,WAREHOUSE 2,
L103L,L,10,3,L,PN800,,,WAREHOUSE 2,
L72R,L,7,2,R,PN800,,,WAREHOUSE 2,
L72L,L,7,2,L,PN800,,,WAREHOUSE 2,
L102L,L,10,2,L,PN800,,,WAREHOUSE 2,
L102R,L,10,2,R,PN800,,,WAREHOUSE 2,
L84L,L,8,4,L,PN800,,,WAREHOUSE 2,
L82L,L,8,2,L,PN800,,,WAREHOUSE 2,
L81L,L,8,1,L,PMP1001,,,WAREHOUSE 2,
L84R,L,8,4,R,PN800,,,WAREHOUSE 2,
L83R,L,8,3,R,PMP1103,,,WAREHOUSE 2,
L83R,L,8,3,R,PC110,,,WAREHOUSE 2,
L83R,L,8,3,R,PC1101,,,WAREHOUSE 2,
L81R,L,8,1,R,PN800,,,WAREHOUSE 2,
L94M,L,9,4,M,PN800,,,WAREHOUSE 2,
L93M,L,9,3,M,PN800,,,WAREHOUSE 2,
L92M,L,9,2,M,PN800,,,WAREHOUSE 2,
L104L,L,10,4,L,PN800,,,WAREHOUSE 2,
L73L,L,7,3,L,PMP1101,,,WAREHOUSE 2,
L71R,L,7,1,R,PN600,,,WAREHOUSE 2,
L61L,L,6,1,L,PMP5901/S,,,WAREHOUSE 2,
L104R,L,10,4,R,PN800,,,WAREHOUSE 2,
L63M,L,6,3,M,PN5600,,,WAREHOUSE 2,
L71L,L,7,1,L,PN600,,,WAREHOUSE 2,
L62M,L,6,2,M,PMP5901/S,,,WAREHOUSE 2,
L114L,L,11,4,L,PN800,,,WAREHOUSE 2,
L113L,L,11,3,L,PN800,,,WAREHOUSE 2,
L112L,L,11,2,L,PN800,,,WAREHOUSE 2,
L111L,L,11,1,L,PN800,,,WAREHOUSE 2,
L114R,L,11,4,R,PN800,,,WAREHOUSE 2,
L113R,L,11,3,R,PN800,,,WAREHOUSE 2,
L112R,L,11,2,R,PN800,,,WAREHOUSE 2,
L111R,L,11,1,R,PN800,,,WAREHOUSE 2,
L124M,L,12,4,M,PN800,,,WAREHOUSE 2,
L123M,L,12,3,M,PN800,,,WAREHOUSE 2,
L122M,L,12,2,M,PN800,,,WAREHOUSE 2,
L121M,L,12,1,M,PN800,,,WAREHOUSE 2,
L134L,L,13,4,L,PN800,,,WAREHOUSE 2,
L133L,L,13,3,L,PN800,,,WAREHOUSE 2,
L132L,L,13,2,L,PN800,,,WAREHOUSE 2,
L134R,L,13,4,R,PN800,,,WAREHOUSE 2,
L133R,L,13,3,R,PN800,,,WAREHOUSE 2,
L132R,L,13,2,R,PN800,,,WAREHOUSE 2,
L144M,L,14,4,M,PN800,,,WAREHOUSE 2,
L143M,L,14,3,M,PN800,,,WAREHOUSE 2,
L142M,L,14,2,M,PN800,,,WAREHOUSE 2,
L141M,L,14,1,M,PN800,,,WAREHOUSE 2,
L154L,L,15,4,L,PN800,,,WAREHOUSE 2,
L153L,L,15,3,L,PN800,,,WAREHOUSE 2,
L154R,L,15,4,R,PN800,,,WAREHOUSE 2,
L153R,L,15,3,R,PN800,,,WAREHOUSE 2,
L164M,L,16,4,M,PN800,,,WAREHOUSE 2,
L163M,L,16,3,M,PN800,,,WAREHOUSE 2,
M43L,M,4,3,L,PN812,,,WAREHOUSE 2,
M42L,M,4,2,L,PN832,,,WAREHOUSE 2,
M54L,M,5,4,L,PN800,,,WAREHOUSE 2,
M53L,M,5,3,L,PN800,,,WAREHOUSE 2,
M52L,M,5,2,L,PMP1001,,,WAREHOUSE 2,
M51L,M,5,1,L,PN702,502KG,16,WAREHOUSE 2,
M54R,M,5,4,R,PN800,,,WAREHOUSE 2,
M53R,M,5,3,R,PN702,502KG,16,WAREHOUSE 2,
M52R,M,5,2,R,PN702,502KG,16,WAREHOUSE 2,
M51R,M,5,1,R,PN900,,,WAREHOUSE 2,
M64L,M,6,4,L,PN800,,,WAREHOUSE 2,
M63L,M,6,3,L,PN731,,,WAREHOUSE 2,
M102R,M,10,2,R,PN800,,,WAREHOUSE 2,
M103L,M,10,3,L,PN800,,,WAREHOUSE 2,
M64R,M,6,4,R,PN800,,,WAREHOUSE 2,
M63R,M,6,3,R,PN800,,,WAREHOUSE 2,
M62R,M,6,2,R,PN800,,,WAREHOUSE 2,
M101R,M,10,1,R,PN800,,,WAREHOUSE 2,
M74L,M,7,4,L,PN800,,,WAREHOUSE 2,
M72L,M,7,2,L,PMP130,,,WAREHOUSE 2,
M71L,M,7,1,L,PMP1601,,,WAREHOUSE 2,
M74R,M,7,4,R,PN800,,,WAREHOUSE 2,
M73R,M,7,3,R,PMP385,,,WAREHOUSE 2,
M72R,M,7,2,R,PMP1101,,,WAREHOUSE 2,
M71R,M,7,1,R,PN600,,,WAREHOUSE 2,
M84L,M,8,4,L,PN800,,,WAREHOUSE 2,
M83L,M,8,3,L,PMP130,,,WAREHOUSE 2,
M82L,M,8,2,L,PMP1001/A,,,WAREHOUSE 2,
M81L,M,8,1,L,PMP1001/A,,,WAREHOUSE 2,
M84R,M,8,4,R,PN800,,,WAREHOUSE 2,
M83R,M,8,3,R,PMP1101,,,WAREHOUSE 2,
M82R,M,8,2,R,PMP130,,,WAREHOUSE 2,
M81R,M,8,1,R,PMP1001,,,WAREHOUSE 2,
M94L,M,9,4,L,PN800,,,WAREHOUSE 2,
M93L,M,9,3,L,PN800,,,WAREHOUSE 2,
M92L,M,9,2,L,PN600,,,WAREHOUSE 2,
M91L,M,9,1,L,PMP1001/A,,,WAREHOUSE 2,
M94R,M,9,4,R,PN800,,,WAREHOUSE 2,
M93R,M,9,3,R,PN800,,,WAREHOUSE 2,
M92R,M,9,2,R,PN800,,,WAREHOUSE 2,
M91R,M,9,1,R,PMP1101/A,,,WAREHOUSE 2,
M104L,M,10,4,L,PN800,,,WAREHOUSE 2,
M61L,M,6,1,L,PMP1101,,,WAREHOUSE 2,
M102L,M,10,2,L,PN600,,,WAREHOUSE 2,
M101L,M,10,1,L,PN800,,,WAREHOUSE 2,
M104R,M,10,4,R,PN800,,,WAREHOUSE 2,
M103R,M,10,3,R,PN800,,,WAREHOUSE 2,
M62L,M,6,2,L,PC150,,,WAREHOUSE 2,
M62L,M,6,2,L,PN510,,,WAREHOUSE 2,
M61R,M,6,1,R,PMP1001/A,,,WAREHOUSE 2,
M114L,M,11,4,L,PN800,,,WAREHOUSE 2,
M113L,M,11,3,L,PN800,,,WAREHOUSE 2,
M112L,M,11,2,L,PN800,,,WAREHOUSE 2,
M111L,M,11,1,L,PN800,,,WAREHOUSE 2,
M114R,M,11,4,R,PN800,,,WAREHOUSE 2,
M113R,M,11,3,R,PN800,,,WAREHOUSE 2,
M112R,M,11,2,R,PN600,,,WAREHOUSE 2,
L72L,L,7,2,L,PN731-P,,,WAREHOUSE 2,
M124L,M,12,4,L,PN800,,,WAREHOUSE 2,
M123L,M,12,3,L,PN800,,,WAREHOUSE 2,
M122L,M,12,2,L,PN800,,,WAREHOUSE 2,
M124R,M,12,4,R,PN800,,,WAREHOUSE 2,
M123R,M,12,3,R,PN800,,,WAREHOUSE 2,
M122R,M,12,2,R,PN800,,,WAREHOUSE 2,
M134L,M,13,4,L,PN800,,,WAREHOUSE 2,
M133L,M,13,3,L,PN800,,,WAREHOUSE 2,
M132L,M,13,2,L,PN800,,,WAREHOUSE 2,
M134R,M,13,4,R,PN800,,,WAREHOUSE 2,
M133R,M,13,3,R,PN800,,,WAREHOUSE 2,
M132R,M,13,2,R,PN800,,,WAREHOUSE 2,
M144R,M,14,4,R,PN800,,,WAREHOUSE 2,
M143R,M,14,3,R,PN800,,,WAREHOUSE 2,
M144L,M,14,4,L,PN800,,,WAREHOUSE 2,
M143L,M,14,3,L,PN800,,,WAREHOUSE 2,
M154R,M,15,4,R,PN800,,,WAREHOUSE 2,
M153R,M,15,3,R,PN800,,,WAREHOUSE 2,
M154L,M,15,4,L,PN800,,,WAREHOUSE 2,
M153L,M,15,3,L,PN800,,,WAREHOUSE 2,
M164M,M,16,4,M,PN800,,,WAREHOUSE 2,
M163M,M,16,3,M,PN800,,,WAREHOUSE 2,
M162M,M,16,2,M,PN800,,,WAREHOUSE 2,
M161M,M,16,1,M,PN800,,,WAREHOUSE 2,
N14L,N,1,4,L,PN832,,,WAREHOUSE 2,
N13L,N,1,3,L,AC270,,,WAREHOUSE 2,
N12L,N,1,2,L,AC270,,,WAREHOUSE 2,
N11L,N,1,1,L,AC270,,,WAREHOUSE 2,
N13R,N,1,3,R,AC270,,,WAREHOUSE 2,
N12R,N,1,2,R,AC270,,,WAREHOUSE 2,
N11R,N,1,1,R,AC270,,,WAREHOUSE 2,
N24L,N,2,4,L,PN730,,,WAREHOUSE 2,
N23L,N,2,3,L,AC6101,,,WAREHOUSE 2,
N22L,N,2,2,L,AC6101,,,WAREHOUSE 2,
N21L,N,2,1,L,AC270,,,WAREHOUSE 2,
N24R,N,2,4,R,PN612,,,WAREHOUSE 2,
N23R,N,2,3,R,PN702,502KG,16,WAREHOUSE 2,
N22R,N,2,2,R,PN702,502KG,16,WAREHOUSE 2,
N21R,N,2,1,R,AC270,,,WAREHOUSE 2,
N34L,N,3,4,L,PN822,,,WAREHOUSE 2,
N33L,N,3,3,L,PN700,,,WAREHOUSE 2,
N32L,N,3,2,L,PA335,,,WAREHOUSE 2,
N31L,N,3,1,L,AC6101,,,WAREHOUSE 2,
N34R,N,3,4,R,PN612,,,WAREHOUSE 2,
N33R,N,3,3,R,PN731,,,WAREHOUSE 2,
N32R,N,3,2,R,PN812,,,WAREHOUSE 2,
N31R,N,3,1,R,AC6101,,,WAREHOUSE 2,
N43L,N,4,3,L,PN600,,,WAREHOUSE 2,
N41L,N,4,1,L,ABF15075B,BATH,4,WAREHOUSE 2,
N43R,N,4,3,R,PN600,,,WAREHOUSE 2,
N41R,N,4,1,R,ABF15075B,BATH,3,WAREHOUSE 2,
N41M,N,4,1,M,OVATION 1500,BATH,,WAREHOUSE 2,
N54L,N,5,4,L,PN600,,,WAREHOUSE 2,
N53L,N,5,3,L,PN820,,,WAREHOUSE 2,
N52L,N,5,2,L,PA310,,30,WAREHOUSE 2,
N51L,N,5,1,L,PN600-C,,,WAREHOUSE 2,
N50L,N,5,0,L,PMP225,,,WAREHOUSE 2,
N54R,N,5,4,R,PN600,,,WAREHOUSE 2,
N53R,N,5,3,R,PN732,534KG,16,WAREHOUSE 2,
N52R,N,5,2,R,PN812,,,WAREHOUSE 2,
N51R,N,5,1,R,PN812,,,WAREHOUSE 2,
N64L,N,6,4,L,PN812,,,WAREHOUSE 2,
N63L,N,6,3,L,FUNDO,,,WAREHOUSE 2,
N62L,N,6,2,L,PN732,534KG,16,WAREHOUSE 2,
N61L,N,6,1,L,PN712,,,WAREHOUSE 2,
N64R,N,6,4,R,PN732-P,534KG,16,WAREHOUSE 2,
N63R,N,6,3,R,PN812,,,WAREHOUSE 2,
N62R,N,6,2,R,PN812,,,WAREHOUSE 2,
N61R,N,6,1,R,PN702,502KG,16,WAREHOUSE 2,
N74L,N,7,4,L,PN800-P,,,WAREHOUSE 2,
N73L,N,7,3,L,PN702-P,502KG,16,WAREHOUSE 2,
N72L,N,7,2,L,PN812,,,WAREHOUSE 2,
N71L,N,7,1,L,PMP1601,,,WAREHOUSE 2,
N74R,N,7,4,R,PN800-P,,,WAREHOUSE 2,
N73R,N,7,3,R,PN732,534KG,16,WAREHOUSE 2,
N72R,N,7,2,R,PN812,,,WAREHOUSE 2,
N71R,N,7,1,R,PN812,,,WAREHOUSE 2,
N84L,N,8,4,L,PN800-P,,,WAREHOUSE 2,
N83L,N,8,3,L,PN720,,,WAREHOUSE 2,
N82L,N,8,2,L,PN732,534KG,16,WAREHOUSE 2,
N81L,N,8,1,L,PN732,534KG,16,WAREHOUSE 2,
N84R,N,8,4,R,PN800-P,,,WAREHOUSE 2,
N83R,N,8,3,R,FRENTE,,,WAREHOUSE 2,
N82R,N,8,2,R,PN732,534KG,16,WAREHOUSE 2,
N81R,N,8,1,R,PN732-P,534KG,16,WAREHOUSE 2,
N94L,N,9,4,L,PN800-P,,,WAREHOUSE 2,
N93L,N,9,3,L,PN732-P,534KG,16,WAREHOUSE 2,
N92L,N,9,2,L,PN732,534KG,16,WAREHOUSE 2,
N91L,N,9,1,L,PN732,534KG,16,WAREHOUSE 2,
N94R,N,9,4,R,PN800-P,,,WAREHOUSE 2,
N93R,N,9,3,R,PN732-P,534KG,16,WAREHOUSE 2,
N92R,N,9,2,R,PN732-P,534KG,16,WAREHOUSE 2,
N91R,N,9,1,R,PN732-P,534KG,16,WAREHOUSE 2,
N104L,N,10,4,L,PN800,,,WAREHOUSE 2,
N103L,N,10,3,L,PN732,534KG,16,WAREHOUSE 2,
N102L,N,10,2,L,PN732,534KG,16,WAREHOUSE 2,
N104R,N,10,4,R,PN800-P,,,WAREHOUSE 2,
N103R,N,10,3,R,PN732-P,534KG,16,WAREHOUSE 2,
N102R,N,10,2,R,PN732-P,534KG,16,WAREHOUSE 2,
N101R,N,10,1,R,PN900,,,WAREHOUSE 2,
N114L,N,11,4,L,PN732-P,534KG,16,WAREHOUSE 2,
N113L,N,11,3,L,PN732-P,534KG,16,WAREHOUSE 2,
N112L,N,11,2,L,PN732,534KG,16,WAREHOUSE 2,
N111L,N,11,1,L,PN900,,,WAREHOUSE 2,
N114R,N,11,4,R,PN732,534KG,16,WAREHOUSE 2,
N113R,N,11,3,R,PN732,534KG,16,WAREHOUSE 2,
N112R,N,11,2,R,PN732,534KG,16,WAREHOUSE 2,
N111R,N,11,1,R,PN732,534KG,16,WAREHOUSE 2,
N124L,N,12,4,L,PN800,,,WAREHOUSE 2,
N123L,N,12,3,L,PN600,,,WAREHOUSE 2,
N122L,N,12,2,L,PN600,,,WAREHOUSE 2,
N121L,N,12,1,L,PN600,,,WAREHOUSE 2,
N124R,N,12,4,R,PN800,,,WAREHOUSE 2,
N123R,N,12,3,R,PN600,,,WAREHOUSE 2,
N122R,N,12,2,R,PN600,,,WAREHOUSE 2,
N121R,N,12,1,R,PN600,,,WAREHOUSE 2,
N134L,N,13,4,L,PN800-P,,,WAREHOUSE 2,
N133L,N,13,3,L,PN732-P,534KG,16,WAREHOUSE 2,
N132L,N,13,2,L,PN732,534KG,16,WAREHOUSE 2,
N131L,N,13,1,L,PN732,534KG,16,WAREHOUSE 2,
N134R,N,13,4,R,PN800,,,WAREHOUSE 2,
N133R,N,13,3,R,PN732,534KG,16,WAREHOUSE 2,
N132R,N,13,2,R,PN732,534KG,16,WAREHOUSE 2,
N131R,N,13,1,R,PN732,534KG,16,WAREHOUSE 2,
N144L,N,14,4,L,PN800,,,WAREHOUSE 2,
N143L,N,14,3,L,PN732,534KG,16,WAREHOUSE 2,
N142L,N,14,2,L,PN732,534KG,16,WAREHOUSE 2,
N141L,N,14,1,L,PN732,534KG,16,WAREHOUSE 2,
N140L,N,14,0,L,PN800-C,,,WAREHOUSE 2,
N144R,N,14,4,R,PN800,,,WAREHOUSE 2,
N143R,N,14,3,R,PN732,534KG,16,WAREHOUSE 2,
N142R,N,14,2,R,PN732,534KG,16,WAREHOUSE 2,
N141R,N,14,1,R,PN732,534KG,16,WAREHOUSE 2,
N140R,N,14,0,R,PN800,,,WAREHOUSE 2,
N154L,N,15,4,L,PN800,,,WAREHOUSE 2,
N153L,N,15,3,L,PN732,534KG,16,WAREHOUSE 2,
N152L,N,15,2,L,PN732,534KG,16,WAREHOUSE 2,
N151L,N,15,1,L,PN732,534KG,16,WAREHOUSE 2,
N150L,N,15,0,L,PN800-C,,,WAREHOUSE 2,
N154R,N,15,4,R,PN800,,,WAREHOUSE 2,
N153R,N,15,3,R,PN732,534KG,16,WAREHOUSE 2,
N152R,N,15,2,R,PN732,534KG,16,WAREHOUSE 2,
N151R,N,15,1,R,PN732,534KG,16,WAREHOUSE 2,
N150R,N,15,0,R,PN800,,,WAREHOUSE 2,
N164M,N,16,4,M,PN800-P,,,WAREHOUSE 2,
N163M,N,16,3,M,PN732,534KG,16,WAREHOUSE 2,
N162M,N,16,2,M,PN732,534KG,16,WAREHOUSE 2,
N161M,N,16,1,M,PN732,534KG,16,WAREHOUSE 2,
N160M,N,16,0,M,PN800-C,,,WAREHOUSE 2,
O14L,O,1,4,L,PN720,,,WAREHOUSE 2,
O13L,O,1,3,L,PN702,502KG,16,WAREHOUSE 2,
O12L,O,1,2,L,PN702,502KG,16,WAREHOUSE 2,
O11L,O,1,1,L,PN702,502KG,16,WAREHOUSE 2,
O14R,O,1,4,R,PN720,,,WAREHOUSE 2,
O13R,O,1,3,R,PN702,502KG,16,WAREHOUSE 2,
O12R,O,1,2,R,PN702,502KG,16,WAREHOUSE 2,
O11R,O,1,1,R,PN702,502KG,16,WAREHOUSE 2,
O24L,O,2,4,L,PN720,,,WAREHOUSE 2,
O22L,O,2,2,L,AC270,,,WAREHOUSE 2,
O21L,O,2,1,L,PN702-P,502KG,16,WAREHOUSE 2,
O21R,O,2,1,R,AC270,,,WAREHOUSE 2,
O34L,O,3,4,L,PN720,,,WAREHOUSE 2,
O33L,O,3,3,L,AC270,,,WAREHOUSE 2,
O32L,O,3,2,L,AC270,,,WAREHOUSE 2,
O31L,O,3,1,L,AC270,,,WAREHOUSE 2,
O34R,O,3,4,R,PN720,,,WAREHOUSE 2,
O33R,O,3,3,R,GEL001,,,WAREHOUSE 2,
O32R,O,3,2,R,PN702,502KG,16,WAREHOUSE 2,
O31R,O,3,1,R,PN702,502KG,16,WAREHOUSE 2,
O44L,O,4,4,L,PN720,,,WAREHOUSE 2,
O43L,O,4,3,L,QUASAR 1500,,,WAREHOUSE 2,
O42L,O,4,2,L,PN5745,,168,WAREHOUSE 2,
O43M,O,4,3,M,BLADE 1500,,,WAREHOUSE 2,
O42M,O,4,2,M,BLADE 1500,,,WAREHOUSE 2,
O44R,O,4,4,R,PN720,,,WAREHOUSE 2,
O43R,O,4,3,R,BLADE 1500,,,WAREHOUSE 2,
O42R,O,4,2,R,ELLI II 1500,,,WAREHOUSE 2,
O54L,O,5,4,L,PN720,,,WAREHOUSE 2,
O53L,O,5,3,L,PN732,534KG,16,WAREHOUSE 2,
O52L,O,5,2,L,PN732,,,WAREHOUSE 2,
O51L,O,5,1,L,PN732,534KG,16,WAREHOUSE 2,
O54R,O,5,4,R,PN720,,,WAREHOUSE 2,
O53R,O,5,3,R,PN61365,,,WAREHOUSE 2,
O52R,O,5,2,R,PN5660,,,WAREHOUSE 2,
O51R,O,5,1,R,PN832,,,WAREHOUSE 2,
O64L,O,6,4,L,PN720,,,WAREHOUSE 2,
O63L,O,6,3,L,PN732,534KG,16,WAREHOUSE 2,
O62L,O,6,2,L,PN832,,,WAREHOUSE 2,
O61L,O,6,1,L,PN710,,,WAREHOUSE 2,
O64R,O,6,4,R,PN720,,,WAREHOUSE 2,
O63R,O,6,3,R,PN732,534KG,16,WAREHOUSE 2,
O62R,O,6,2,R,PN600-P,,,WAREHOUSE 2,
O61R,O,6,1,R,PN772,854 KG,24,WAREHOUSE 2,
O74L,O,7,4,L,PN720,,,WAREHOUSE 2,
O73L,O,7,3,L,PN732,534KG,16,WAREHOUSE 2,
O72L,O,7,2,L,PN732,534KG,16,WAREHOUSE 2,
O71L,O,7,1,L,PN732,534KG,16,WAREHOUSE 2,
O74R,O,7,4,R,PN720,,,WAREHOUSE 2,
O73R,O,7,3,R,PN732,534KG,16,WAREHOUSE 2,
O72R,O,7,2,R,PN732,534KG,16,WAREHOUSE 2,
O71R,O,7,1,R,PN832,,,WAREHOUSE 2,
O84L,O,8,4,L,PN720,,,WAREHOUSE 2,
O83L,O,8,3,L,PN732,534KG,16,WAREHOUSE 2,
O82L,O,8,2,L,PN732,534KG,16,WAREHOUSE 2,
O81L,O,8,1,L,PN702,502KG,16,WAREHOUSE 2,
O84R,O,8,4,R,PN720,,,WAREHOUSE 2,
O83R,O,8,3,R,PN732,534KG,16,WAREHOUSE 2,
O82R,O,8,2,R,FRENTE,,,WAREHOUSE 2,
O81R,O,8,1,R,PN760,,,WAREHOUSE 2,
O94L,O,9,4,L,PN720,,,WAREHOUSE 2,
O93L,O,9,3,L,PN710,,,WAREHOUSE 2,
O91L,O,9,1,L,PA335,,,WAREHOUSE 2,
O94R,O,9,4,R,PN720,,,WAREHOUSE 2,
O93R,O,9,3,R,PA340,,,WAREHOUSE 2,
O92R,O,9,2,R,PA335,,,WAREHOUSE 2,
O91R,O,9,1,R,FRENTE,,,WAREHOUSE 2,
O104L,O,10,4,L,PN720,,,WAREHOUSE 2,
O102L,O,10,2,L,PA335,,,WAREHOUSE 2,
O101L,O,10,1,L,PA335,,,WAREHOUSE 2,
O104R,O,10,4,R,PN720,,,WAREHOUSE 2,
O103R,O,10,3,R,PA340,,,WAREHOUSE 2,
O101R,O,10,1,R,PA320,,,WAREHOUSE 2,
O114L,O,11,4,L,PN800,,,WAREHOUSE 2,
O113L,O,11,3,L,PA335,,,WAREHOUSE 2,
O111L,O,11,1,L,PN732,534KG,16,WAREHOUSE 2,
O114R,O,11,4,R,PN720,,,WAREHOUSE 2,
O112R,O,11,2,R,PA330,,,WAREHOUSE 2,
O111R,O,11,1,R,PA340,,,WAREHOUSE 2,
O124L,O,12,4,L,PN800,,,WAREHOUSE 2,
O123L,O,12,3,L,PA335,,,WAREHOUSE 2,
O122L,O,12,2,L,PA320,,,WAREHOUSE 2,
O121L,O,12,1,L,PA340,,,WAREHOUSE 2,
O124R,O,12,4,R,PN800,,,WAREHOUSE 2,
O123R,O,12,3,R,PA320,,,WAREHOUSE 2,
O122R,O,12,2,R,PA137,,,WAREHOUSE 2,
O134L,O,13,4,L,PN800,,,WAREHOUSE 2,
O131L,O,13,1,L,PN900,,,WAREHOUSE 2,
O134R,O,13,4,R,PN800,,,WAREHOUSE 2,
O133R,O,13,3,R,PN732,534KG,16,WAREHOUSE 2,
O132R,O,13,2,R,PA340,,,WAREHOUSE 2,
O131R,O,13,1,R,PN900,,,WAREHOUSE 2,
O144L,O,14,4,L,PN800,,,WAREHOUSE 2,
O141L,O,14,1,L,PA135,,48,WAREHOUSE 2,
O144R,O,14,4,R,PN800,,,WAREHOUSE 2,
O142R,O,14,2,R,PMP5901,,,WAREHOUSE 2,
O141R,O,14,1,R,PA137,,,WAREHOUSE 2,
O154L,O,15,4,L,PN800,,,WAREHOUSE 2,
O153L,O,15,3,L,PN732,534KG,16,WAREHOUSE 2,
O152L,O,15,2,L,PN732,534KG,16,WAREHOUSE 2,
O151L,O,15,1,L,PN732,534KG,16,WAREHOUSE 2,
O154R,O,15,4,R,PN800,,,WAREHOUSE 2,
O153R,O,15,3,R,PN800,,,WAREHOUSE 2,
O152R,O,15,2,R,PN732,534KG,16,WAREHOUSE 2,
O151R,O,15,1,R,PA330,,,WAREHOUSE 2,
O164M,O,16,4,M,PN800,,,WAREHOUSE 2,
O163M,O,16,3,M,PN800,,,WAREHOUSE 2,
O162M,O,16,2,M,PMP5901,,,WAREHOUSE 2,
O161M,O,16,1,M,PA335,,,WAREHOUSE 2,
P134R,P,13,4,R,PMP280,,,FURNITURE,
V23L,V,2,3,L,PK6744L,,32,WAREHOUSE 2,
V22L,V,2,2,L,PN612,,,WAREHOUSE 2,
V21L,V,2,1,L,PK4444,,,WAREHOUSE 2,
V23R,V,2,3,R,PK5350,,,WAREHOUSE 2,
V22R,V,2,2,R,PN612,,,WAREHOUSE 2,
V21R,V,2,1,R,PK5544,,32,WAREHOUSE 2,
V20R,V,2,0,R,PMP225,,,WAREHOUSE 2,
V14M,V,1,4,M,TAPWARE FOLDER,,,WAREHOUSE 2,
V13M,V,1,3,M,PK8644,,16,WAREHOUSE 2,
V12M,V,1,2,M,PK8644,,16,WAREHOUSE 2,
V11M,V,1,1,M,PK4444,,,WAREHOUSE 2,
V10L,V,1,0,L,PK6744L,,32,WAREHOUSE 2,
V10R,V,1,0,R,PN612,,,WAREHOUSE 2,
Z34L,Z,3,4,L,HO6181 HAPPY D,,,WAREHOUSE 2,
Z33L,Z,3,3,L,PK4444,,,WAREHOUSE 2,
Z32L,Z,3,2,L,PK5544,,32,WAREHOUSE 2,
Z31L,Z,3,1,L,PK6744R,,,WAREHOUSE 2,
Z34R,Z,3,4,R,PK5350,,,WAREHOUSE 2,
Z33R,Z,3,3,R,PK4444,,,WAREHOUSE 2,
Z32R,Z,3,2,R,PK4444,,,WAREHOUSE 2,
Z30R,Z,3,0,R,CS100,,,WAREHOUSE 2,
V30L,V,3,0,L,PK8644,,16,WAREHOUSE 2,
Z24R,Z,2,4,R,BATH,,,WAREHOUSE 2,
Z23L,Z,2,3,L,PK4444,,,WAREHOUSE 2,
Z22L,Z,2,2,L,PK4444,,,WAREHOUSE 2,
Z21L,Z,2,1,L,PK6744L,,32,WAREHOUSE 2,
Z20L,Z,2,0,L,PC140,,,WAREHOUSE 2,
Z23R,Z,2,3,R,BLADE 1500 ABF15075B,,,WAREHOUSE 2,
Z22R,Z,2,2,R,ABF170851,,,WAREHOUSE 2,
Z22R,Z,2,2,R,ABF16585V,,,WAREHOUSE 2,
Z22R,Z,2,2,R,R0S2890S SAMPLE,,,WAREHOUSE 2,
Z21R,Z,2,1,R,ABF16585V-TS,,,WAREHOUSE 2,
Q64L,Q,6,4,L,PA320,,,FURNITURE,
Q64R,Q,6,4,R,PN731,,,FURNITURE,
Q94L,Q,9,4,L,PN5745,,168,FURNITURE,
Q94R,Q,9,4,R,PA310,,30,FURNITURE,
Q114L,Q,11,4,L,PMP180,,,FURNITURE,
Q113L,Q,11,3,L,PN900,,,FURNITURE,
Q111L,Q,11,1,L,PN5112,,180,FURNITURE,
Q113R,Q,11,3,R,PN900,,,FURNITURE,
Q124L,Q,12,4,L,PA330,,,FURNITURE,
Q121L,Q,12,1,L,PA320,,,FURNITURE,
Q123R,Q,12,3,R,PA320,,,FURNITURE,
Q121R,Q,12,1,R,PA137,,,FURNITURE,
Q134L,Q,13,4,L,PK5544,,32,FURNITURE,
Q132L,Q,13,2,L,PA320,,,FURNITURE,
Q133R,Q,13,3,R,PA320,,,FURNITURE,
Q132R,Q,13,2,R,PMP145,,60,FURNITURE,
Q131R,Q,13,1,R,PA330,,,FURNITURE,
Q144L,Q,14,4,L,PA310,,30,FURNITURE,
Q143L,Q,14,3,L,TC18101,,,FURNITURE,
Q142L,Q,14,2,L,TC18601,,,FURNITURE,
Q142L,Q,14,2,L,TC18600,,,FURNITURE,
Q141L,Q,14,1,L,TC18801,,,FURNITURE,
Q144R,Q,14,4,R,PA310,,30,FURNITURE,
Q143R,Q,14,3,R,TC18600,,,FURNITURE,
Q142R,Q,14,2,R,TC18801,,,FURNITURE,
Q141R,Q,14,1,R,TC18801,,,FURNITURE,
Q154L,Q,15,4,L,PA330,,,FURNITURE,
Q153L,Q,15,3,L,TC18801,,,FURNITURE,
Q153L,Q,15,3,L,TC18802,,,FURNITURE,
Q152L,Q,15,2,L,TC35100,,,FURNITURE,
Q152L,Q,15,2,L,TC35401,,,FURNITURE,
Q151L,Q,15,1,L,TC18101,,,FURNITURE,
Q154R,Q,15,4,R,PA320,,,FURNITURE,
Q153R,Q,15,3,R,TC18101,,,FURNITURE,
Q152R,Q,15,2,R,TC18801,,,FURNITURE,
Q151R,Q,15,1,R,TC18101,,,FURNITURE,
Q151R,Q,15,1,R,TC18101,,,FURNITURE,
Q164M,Q,16,4,M,PA335,,,FURNITURE,
Q163M,Q,16,3,M,PA320,,,FURNITURE,
Q162M,Q,16,2,M,TC18601,,,FURNITURE,
Q161M,Q,16,1,M,TC18101,,,FURNITURE,
P154R,P,15,4,R,PA137,,,FURNITURE,
M13L,M,1,3,L,PN600,,,WAREHOUSE 2,
M12L,M,1,2,L,HIDRA DL 12 DIAL ,,,WAREHOUSE 2,
M13R,M,1,3,R,PN812,,,WAREHOUSE 2,
M11R,M,1,1,R,PN600-P,,,WAREHOUSE 2,
M24R,M,2,4,R,PN600,,,WAREHOUSE 2,
M23L,M,2,3,L,SIMAS,,,WAREHOUSE 2,
M22L,M,2,2,L,PN5600,,,WAREHOUSE 2,
M21L,M,2,1,L,PN602,518 KG,16,WAREHOUSE 2,
M23R,M,2,3,R,SIMAS,,,WAREHOUSE 2,
M22R,M,2,2,R,PA310,,30,WAREHOUSE 2,
M21R,M,2,1,R,PA,,,WAREHOUSE 2,
M33L,M,3,3,L,SIMAS SMQU6SD,,,WAREHOUSE 2,
M32L,M,3,2,L,PN812,,,WAREHOUSE 2,
M31L,M,3,1,L,PN812,,,WAREHOUSE 2,
M34R,M,3,4,R,PN760,,,WAREHOUSE 2,
M33R,M,3,3,R,SIMAS SMQU65D,,,WAREHOUSE 2,
M32R,M,3,2,R,PN812,,,WAREHOUSE 2,
M31R,M,3,1,R,PN812,,,WAREHOUSE 2,
M42R,M,4,2,R,PMP7601/S,,,WAREHOUSE 2,
M41L,M,4,1,L,PN832,,,WAREHOUSE 2,
M41R,M,4,1,R,PN832,,,WAREHOUSE 2,
Z14L,Z,1,4,L,ABF15070L-M,,,WAREHOUSE 2,
Z14L,Z,1,4,L,CASSIA 1500 W10VERFLOW MATT WHITE,,,WAREHOUSE 2,
Z13L,Z,1,3,L,CS114,,,WAREHOUSE 2,
Z12L,Z,1,2,L,CS114,,,WAREHOUSE 2,
Z12L,Z,1,2,L,CS104,,,WAREHOUSE 2,
Z12L,Z,1,2,L,CS104,,,WAREHOUSE 2,
Z11L,Z,1,1,L,CS114,,,WAREHOUSE 2,
Z10L,Z,1,0,L,PA140,,20,WAREHOUSE 2,
Z14R,Z,1,4,R,PN900,,,WAREHOUSE 2,
Z13R,Z,1,3,R,CS114,,,WAREHOUSE 2,
Z12R,Z,1,2,R,CS104,,,WAREHOUSE 2,
Z11R,Z,1,1,R,PN612,,,WAREHOUSE 2,
Z10R,Z,1,0,R,CS100,BATH,2,WAREHOUSE 2,
V34L,V,3,4,L,PK6744L,,32,WAREHOUSE 2,
V33L,V,3,3,L,PK5544,,32,WAREHOUSE 2,
V32L,V,3,2,L,PK4444,,,WAREHOUSE 2,
V31L,V,3,1,L,PK6744L,,32,WAREHOUSE 2,
V33R,V,3,3,R,PK5544,,32,WAREHOUSE 2,
V32R,V,3,2,R,PK4444,,,WAREHOUSE 2,
V31R,V,3,1,R,PK8644,,16,WAREHOUSE 2,
V30R,V,3,0,R,PN612,,16,WAREHOUSE 2,
Q124R,Q,12,4,R,PK5544,,32,FURNITURE,
Q122L,Q,12,2,L,PN732,534KG,16,FURNITURE,
Q122R,Q,12,2,R,PA340,,,FURNITURE,
Q114R,Q,11,4,R,PA136,,,FURNITURE,
Q112R,Q,11,2,R,PA310,,30,FURNITURE,
Q112L,Q,11,2,L,PA320,,,FURNITURE,
Q104L,Q,10,4,L,PA320,,,FURNITURE,
Q103L,Q,10,3,L,PN900,,,FURNITURE,
Q104R,Q,10,4,R,PA320,,,FURNITURE,
Q103R,Q,10,3,R,PA320,,,FURNITURE,
Q84L,Q,8,4,L,PA320,,,FURNITURE,
Q83L,Q,8,3,L,PA320,,,FURNITURE,
Q84R,Q,8,4,R,PN731,,,FURNITURE,
P144R,P,14,4,R,PN5775,,,FURNITURE,
P124L,P,12,4,L,PN832,,,FURNITURE,
P124R,P,12,4,R,PA137,,,FURNITURE,
P114R,P,11,4,R,PA320,,,FURNITURE,
P104L,P,10,4,L,PA330,,,FURNITURE,
P104R,P,10,4,R,PA137,,,FURNITURE,
P94L,P,9,4,L,PN832,,,FURNITURE,
P94R,P,9,4,R,PA136,,,FURNITURE,
P84L,P,8,4,L,PN832,,,FURNITURE,
P84R,P,8,4,R,PN832,,,FURNITURE,
P74L,P,7,4,L,PN622,758KG,30,FURNITURE,
P74R,P,7,4,R,PN731,,,FURNITURE,
P64R,P,6,4,R,PN731,,,FURNITURE,
P64L,P,6,4,L,PN622,758KG,30,FURNITURE,
Q82L,Q,8,2,L,PN822,,,FURNITURE,
P54L,P,5,4,L,PN600,,,FURNITURE,
P54R,P,5,4,R,PA320,,,FURNITURE,
V54L,V,5,4,L,PK6744L,,32,WAREHOUSE 2,
V53L,V,5,3,L,PK8644,,16,WAREHOUSE 2,
V52L,V,5,2,L,PK6744R,,,WAREHOUSE 2,
V51L,V,5,1,L,PK7444,,16,WAREHOUSE 2,
V54R,V,5,4,R,PK5350,,,WAREHOUSE 2,
V53R,V,5,3,R,PK8644,,16,WAREHOUSE 2,
V51R,V,5,1,R,PK7444,,16,WAREHOUSE 2,
V63L,V,6,3,L,PK6744L,,32,WAREHOUSE 2,
V62L,V,6,2,L,PK5350,,,WAREHOUSE 2,
V61L,V,6,1,L,PK8644,,16,WAREHOUSE 2,
V60L,V,6,0,L,PK8644,,16,WAREHOUSE 2,
V63R,V,6,3,R,PK4444,,,WAREHOUSE 2,
V62R,V,6,2,R,PK5544,,32,WAREHOUSE 2,
V61R,V,6,1,R,PK5544,,32,WAREHOUSE 2,
V60R,V,6,0,R,PK8644,,16,WAREHOUSE 2,
V74L,V,7,4,L,PK4444,,,WAREHOUSE 2,
V72L,V,7,2,L,PK4444,,,WAREHOUSE 2,
V71L,V,7,1,L,PK6744L,,32,WAREHOUSE 2,
V70L,V,7,0,L,PK4444,,,WAREHOUSE 2,
V74R,V,7,4,R,PK4444,,,WAREHOUSE 2,
V72R,V,7,2,R,PK6644L,,,WAREHOUSE 2,
V71R,V,7,1,R,PK4444,,,WAREHOUSE 2,
V70R,V,7,0,R,PK4444,,,WAREHOUSE 2,
V83L,V,8,3,L,PK4444,,,WAREHOUSE 2,
V82L,V,8,2,L,PK7644L,,,WAREHOUSE 2,
V81L,V,8,1,L,PK8644,,16,WAREHOUSE 2,
V80L,V,8,0,L,PK6744L,,32,WAREHOUSE 2,
V83R,V,8,3,R,PK4444,,,WAREHOUSE 2,
V82R,V,8,2,R,PK8644,,16,WAREHOUSE 2,
V81R,V,8,1,R,PK6744L,,32,WAREHOUSE 2,
V80R,V,8,0,R,PN772,854 KG,24,WAREHOUSE 2,
V93L,V,9,3,L,PK5544,,32,WAREHOUSE 2,
V92L,V,9,2,L,PK5544,,32,WAREHOUSE 2,
V91L,V,9,1,L,PK5544,,32,WAREHOUSE 2,
V90L,V,9,0,L,PK7644L,,,WAREHOUSE 2,
V93R,V,9,3,R,PK5544,,32,WAREHOUSE 2,
V92R,V,9,2,R,PK6744L,,32,WAREHOUSE 2,
V64R,V,6,4,R,PK6744L,,32,WAREHOUSE 2,
V90R,V,9,0,R,PK4444,,,WAREHOUSE 2,
V103L,V,10,3,L,PK4444,,,WAREHOUSE 2,
V102L,V,10,2,L,PK5544,,32,WAREHOUSE 2,
V101L,V,10,1,L,PK5544,,32,WAREHOUSE 2,
V100L,V,10,0,L,EC35601,,,WAREHOUSE 2,
V100L,V,10,0,L,TC201221,,,WAREHOUSE 2,
V103R,V,10,3,R,PK4444,,,WAREHOUSE 2,
V102R,V,10,2,R,PK6744L,,32,WAREHOUSE 2,
V101R,V,10,1,R,PK6744L,,32,WAREHOUSE 2,
V100R,V,10,0,R,PN702,502KG,16,WAREHOUSE 2,
V113L,V,11,3,L,PK8644,,16,WAREHOUSE 2,
V112L,V,11,2,L,PK5544,,32,WAREHOUSE 2,
V111L,V,11,1,L,PK6744L,,32,WAREHOUSE 2,
V110L,V,11,0,L,PN710,,,WAREHOUSE 2,
V113R,V,11,3,R,PK4444,,,WAREHOUSE 2,
V112R,V,11,2,R,PK4444,,,WAREHOUSE 2,
V111R,V,11,1,R,PK6744L,,32,WAREHOUSE 2,
V110R,V,11,0,R,PN710,,,WAREHOUSE 2,
V123L,V,12,3,L,PK8644,,16,WAREHOUSE 2,
V122L,V,12,2,L,PK8644,,16,WAREHOUSE 2,
V121L,V,12,1,L,PK6744L,,32,WAREHOUSE 2,
V120L,V,12,0,L,PN822,,,WAREHOUSE 2,
V123R,V,12,3,R,PK8644,,16,WAREHOUSE 2,
V122R,V,12,2,R,PK8644,,16,WAREHOUSE 2,
V121R,V,12,1,R,PK8644,,16,WAREHOUSE 2,
V120R,V,12,0,R,PN710,,,WAREHOUSE 2,
V133M,V,13,3,M,PK4444,,,WAREHOUSE 2,
V132M,V,13,2,M,PK8644,,16,WAREHOUSE 2,
V131M,V,13,1,M,PK6744L,,32,WAREHOUSE 2,
S14L,S,1,4,L,ST.GB90WL,,,,
S13L,S,1,3,L,S2.07-1HS.41,,,,
V52R,V,5,2,R,PK6744L,,32,,
S11L,S,1,1,L,S30.07-1HS.02,,,,
S11L,S,1,1,L,S30.07-1HS.41,,,,
S13M,S,1,3,M,PP.07-1HR2.41,,,,
S13M,S,1,3,M,PP.07-1HR.46,,,,
S13M,S,1,3,M,PE.07-1HS,,,,
S13M,S,1,3,M,PE.07-1HRO,,,,
S14R,S,1,4,R,OV.HS,,,,
S14R,S,1,4,R,OV.SA.1C,,,,
S14R,S,1,4,R,OV.TR45,,,,
S14R,S,1,4,R,OV.TRO,,,,
S13R,S,1,3,R,PP.07-1HR.02,,,,
S13R,S,1,3,R,PP.07-1HR.41,,,,
S13R,S,1,3,R,PP.07-1HR.46,,,,
S13R,S,1,3,R,PP.07-1HR.50,,,,
S13R,S,1,3,R,PE.07-1HR.46,,,,
S13R,S,1,3,R,PE.07-1HR.50,,,,
S13R,S,1,3,R,PP.07-1HS.02,,,,
S12R,S,1,2,R,P2.08-1F5250-D.55,,,,
S12R,S,1,2,R,P2.08-1FF-D.55,,,,
S11R,S,1,1,R,PR.09-1H,,,,
R14L,R,1,4,L,HE.02-HBS,,,,
R14L,R,1,4,L,HL.08-D2F,,,,
R14L,R,1,4,L,HE.08-D2F,,,,
R14L,R,1,4,L,HE.02HBS.40,,,,
R13L,R,1,3,L,P2.07-1HR,,,,
R12L,R,1,2,L,PR.09-1H,,,,
R11L,R,1,1,L,P2.08-DTW.50,,,,
R14M,R,1,4,M,P2.08-1FF-D.55,,,,
R13R,R,1,3,R,P30.07-1HF.46,,,,
R11M,R,1,1,M,P2.08-DTW.41,,,,
R14L,R,1,4,L,P2.08-1FS-D.55,,,,
R12L,R,1,2,L,P2.BRS,,,,
R11L,R,1,1,L,NE04822,,,,
R11L,R,1,1,L,NE045.41,,,,
R24L,R,2,4,L,NE281,,,,
R23L,R,2,3,L,P2.BR.50,,,,
R22L,R,2,2,L,P2.08-DTW.41,,,,
R21L,R,2,1,L,E2.01-2RF190-D.41,,128,,
R24M,R,2,4,M,P2.08-1FS-D.55,,,,
R23M,R,2,3,M,PP.07-1HS.41,,,,
R22M,R,2,2,M,PP.08-D2W,,,,
R22M,R,2,2,M,PP.08-D2W.02,,,,
R21M,R,2,1,M,P2.SR.41,,,,
R24R,R,2,4,R,NE281,,,,
R23R,R,2,3,R,PP.TR60,,,,
R23R,R,2,3,R,PP.TR60.41,,,,
R22R,R,2,2,R,QQ.07-1H,,,,
R22R,R,2,2,R,QQ.02H-SQ.6,,,,
R22R,R,2,2,R,QQ.02H.LT,,,,
R22R,R,2,2,R,QQ.02H-FL.6,,,,
R21R,R,2,1,R,PP.08-D2W.02,,,,
S24L,S,2,4,L,SR01,,,,
S23L,S,2,3,L,PP.07-1HRO.50,,,,
S22L,S,2,2,L,PN622,758KG,30,,
S21L,S,2,1,L,P2.07-1HS.02,,,,
S21M,S,2,1,M,TO.SH.A300.50,,,,
S24R,S,2,4,R,SR01,,,,
S22R,S,2,2,R,P2.SH.A245.41,,,,
S34L,S,3,4,L,ST.GB90WR.50,,,,
S33R,S,3,3,R,YL04812,,,,
S33R,S,3,3,R,YLO49D,,,,
S33R,S,3,3,R,YLO410B,,,,
S33R,S,3,3,R,DS1838,,,,
S34R,S,3,4,R,FR1931,,,,
S32L,S,3,2,L,P2.SH.A245.46,,,,
S31M,S,3,1,M,TO.HTR-1C,,,,
S33R,S,3,3,R,P2.08-DTW.41,,,,
S32R,S,3,2,R,TO.SH.A300.41,,,,
S31R,S,3,1,R,P2.08-DTW.41,,,,
S31R,S,3,1,R,P2.08-DTW.48,,,,
R34L,R,3,4,L,P2.08-1FFD.55,,,,
R33L,R,3,3,L,P30.07-HFO.46,,,,
R32L,R,3,2,L,PN.SR.01,,,,
R32L,R,3,2,L,PP.SR.01,,,,
R31L,R,3,1,L,PP.07-1HRO,,,,
R34M,R,3,4,M,PP.SR,,,,
R33M,R,3,3,M,S2.01-1H.41,,,,
R33M,R,3,3,M,S2.05-D.41,,,,
R33M,R,3,3,M,S2.07-1HS.41,,,,
R32M,R,3,2,M,EE.SA.1WA.41,,,,
R31M,R,3,1,M,QQ.SH-A200,,,,
R31M,R,3,1,M,QQ.SH-A200.41,,,,
R31M,R,3,1,M,QQ.SH-A200.46,,,,
R34L,R,3,4,L,PP.SR,,,,
R33L,R,3,3,L,HE.02HS.40,,,,
R33L,R,3,3,L,H2.02WF200.40,,,,
R33L,R,3,3,L,HL.01-1HF.40,,,,
R33L,R,3,3,L,HL2.05R-D.40,,,,
R33L,R,3,3,L,HX.00W.CH.40,,,,
R32L,R,3,2,L,QQ.SH.A300.46,,,,
R32L,R,3,2,L,QQ.SH.A300.41,,,,
R32L,R,3,2,L,QQ.SH.A300.02,,,,
R32L,R,3,2,L,QQ.SH.A300,,,,
R31L,R,3,1,L,P2.SH.A245.02,,,,
R31L,R,3,1,L,P2.SH.A245,,,,
R44L,R,4,4,L,P2.WB.46,,,,
R43L,R,4,3,L,PP.TR60,,,,
R42L,R,4,2,L,EE.SA.1WA.41,,,,
R42L,R,4,2,L,EE.SA.1W,,,,
R44M,R,4,4,M,PL.SR.02,,,,
R44M,R,4,4,M,PL.07.2H,,,,
R43M,R,4,3,M,P2.SA.A245,,,,
R43M,R,4,3,M,P2.SA.A245.46,,,,
R44R,R,4,4,R,SCR04-57.41,,,,
R43R,R,4,3,R,P2.07-1HR.41,,,,
S44L,S,4,4,L,PA320,,,,
S44R,S,4,4,R,PA340,,,,
S111R,S,11,1,R,P1.08-D2W,,,,
S111R,S,11,1,R,P1.SR,,,,
S111R,S,11,1,R,PL.SR.41,,,,
S111R,S,11,1,R,PL.SR.46,,,,
S111R,S,11,1,R,PL.SR.50,,,,
P164M,P,16,4,M,PN730,,,,
P144L,P,14,4,L,PN772,854 KG,24,WAREHOUSE 2,
R83L,R,8,3,L,HL.07-1HT.40,,,,
R83L,R,8,3,L,HE.SH.B200.56,,,,
R83L,R,8,3,L,HE.SH40.56,,,,
R83L,R,8,3,L,HL.01-1HT,,,,
R84L,R,8,4,L,PA320,,,,
S81R,S,8,1,R,SP.PA3003,,,,
S81R,S,8,1,R,PN0579.46,,,,
S81R,S,8,1,R,PN0579.41,,,,
S81R,S,8,1,R,PN.0579.48,,,,
S81R,S,8,1,R,PN.0579.50,,,,
R62L,R,6,2,L,PP.08-D2W,,20,,
R62L,R,6,2,L,PP.08-D2WR.HS.02,,10,,
R62M,R,6,2,M,P2.SR.41,,200,,
R51L,R,5,1,L,PP.07-1HRO.50,,,,
R51M,R,5,1,M,P2.BRS.50,,,,
R51R,R,5,1,R,PP.07-1HS.02,,,,
R52R,R,5,2,R,PP.07-1HR.50,,,,
R52L,R,5,2,L,PP.08-1F.E.02,,,,
R52L,R,5,2,L,PP.08-1F.E.50,,,,
R52L,R,5,2,L,PP.08-1F.02,,,,
R52L,R,5,2,L,PP.08-D2WR,,,,
R52L,R,5,2,L,PP.08-1F.E.46,,,,
R52L,R,5,2,L,PP.08-1F.E,,,,
R52M,R,5,2,M,PP.07-1HRO.46,,,,
R52M,R,5,2,M,PE.07-1HRO,,,,
R52R,R,5,2,R,P30.07-1HFO.46,,,,
R53L,R,5,3,L,PQ.SH.B520,,28,,
R53M,R,5,3,M,P2.SR.41,,168,,
R53R,R,5,3,R,S2.01-1HH120.41,,179,,
R53R,R,5,3,R,S2.01-2E190-D,,,,
R54L,R,5,4,L,P2.08-DTW,,66,,
R54M,R,5,4,M,P2.08-DTW,,66,,
R54R,R,5,4,R,P2.08-DTW,,66,,
S54L,S,5,4,L,PA320,,,,
S53L,S,5,3,L,S30.07-1HS,,140,,
R123R,R,12,3,R,ITEMS MIX TAPWARE,,,TAPWARE,
R123R,R,12,3,R,X1.05W,,,TAPWARE,
S51L,S,5,1,L,P2.07-1HRO.41,,108,,
S51M,S,5,1,M,P2.07-1HRO.50,,96,,
S51M,S,5,1,M,PP.08-D2W,,,,
S54R,S,5,4,R,PA320,,,,
S53R,S,5,3,R,PP.08-D2W,,33,,
S61M,S,6,1,M,P2.08-DTW.41,,66,,
R14R,R,1,4,R,P2.06-2HSC.50,,,,
R14R,R,1,4,R,P30.07-1HFO.48,,,,
S14L,S,1,4,L,ST.GB90WL,,,,
S13L,S,1,3,L,S2.07-1HS.41,,,,
S11L,S,1,1,L,S30.07-1HS.02,,,,
S11L,S,1,1,L,S30.07-1HS.41,,,,
S13M,S,1,3,M,PP.07-1HR2.41,,,,
S13M,S,1,3,M,PP.07-1HR.46,,,,
S13M,S,1,3,M,PE.07-1HS,,,,
S13M,S,1,3,M,PE.07-1HRO,,,,
S14R,S,1,4,R,OV.HS,,,,
S14R,S,1,4,R,OV.SA-1C,,,,
S14R,S,1,4,R,OV.SA.1W,,,,
S14R,S,1,4,R,OV.TR45,,,,
S14R,S,1,4,R,OV.TRO,,,,
S13R,S,1,3,R,PP.07-1HR,,,,
S13R,S,1,3,R,PP.07-1HR.02,,,,
S13R,S,1,3,R,PP.07-1HR.41,,,,
S13R,S,1,3,R,PP.07-1HR.46,,,,
S13R,S,1,3,R,PP.07-1HR.50,,,,
S13R,S,1,3,R,PE.07-1HR.46,,,,
S13R,S,1,3,R,PE.07-1HR.50,,,,
S13R,S,1,3,R,PP.07-1HS,,,,
S13R,S,1,3,R,PP.07-1HS.02,,,,
S12R,S,1,2,R,P2.08-1FS250-D.55,,,,
S12R,S,1,2,R,P2.08-1FF-D.55,,,,
S11R,S,1,1,R,PR.09-1H,,,,
R14L,R,1,4,L,HE.02.HBS,,,,
R14L,R,1,4,L,HL.08-D2F,,,,
R14L,R,1,4,L,HE.08-D2F,,,,
R14L,R,1,4,L,HE.02HBS.40,,,,
R13L,R,1,3,L,P2.07-1HR,,,,
R12L,R,1,2,L,PR.09-1H,,,,
R11L,R,1,1,L,P2.08-DTW.50,,,,
R14M,R,1,4,M,P2.08-1FF-D.55,,,,
R13R,R,1,3,R,P30.07-1HF.46,,,,
R11M,R,1,1,M,P2.08-DTW.41,,66,,
R14R,R,1,4,R,P2.08-1FS-D.55,,,,
R12R,R,1,2,R,P2.BRS,,,,
R11R,R,1,1,R,NE04822,,,,
R11R,R,1,1,R,NE045.41,,,,
R24L,R,2,4,L,NE281,,,,
R23L,R,2,3,L,P2.BR.50,,,,
R22L,R,2,2,L,P2.08-DTW.41,,,,
R21L,R,2,1,L,E2.01-2RF190-D.48,,64,,
R24L,R,2,4,L,P2.08-1FS-D.55,,,,
R23M,R,2,3,M,PP.07-1HS.41,,,,
R22M,R,2,2,M,PP.08-D2W,,,,
R22M,R,2,2,M,PP.08-D2W.02,,,,
R21M,R,2,1,M,P2.SR.41,,,,
R24R,R,2,4,R,NE281,,,,
R23R,R,2,3,R,PP.TR60,,,,
R23R,R,2,3,R,PP.TR60.41,,,,
R22R,R,2,2,R,QQ.07-1H,,,,
R22R,R,2,2,R,QQ.02H-SQ.6,,,,
R22R,R,2,2,R,QQ.02H.LT,,,,
R22R,R,2,2,R,QQ.02H-FL.6,,,,
R21R,R,2,1,R,PP.08-D2W.02,,,,
S24L,S,2,4,L,SR01,,,,
S23L,S,2,3,L,PP.07-1HRO.50,,,,
S22L,S,2,2,L,PN622,758KG,30,,
S21L,S,2,1,L,P2.07-1HS.02,,,,
S21M,S,2,1,M,TO.SH.A300.50,,,,
S24R,S,2,4,R,SR01,,,,
S21R,S,2,1,R,P2.01-1H,,520,WAREHOUSE 2,
S34L,S,3,4,L,ST.GB90WR.50,,,,
S33R,S,3,3,R,YLO4812,,,,
S33R,S,3,3,R,YLO49D,,,,
S33R,S,3,3,R,YLO410B,,,,
S33R,S,3,3,R,DS1838,,,,
S34R,S,3,4,R,FR1931,,,,
S32L,S,3,2,L,P2.SH.A245.46,,,,
S31M,S,3,1,M,TO.HTR-1C,,,,
S33R,S,3,3,R,P2.08-DTW.41,,,,
S32R,S,3,2,R,TO.SH.A300.41,,,,
S31R,S,3,1,R,P2.08-DTW.41,,,,
S31R,S,3,1,R,P2.08-DTW.48,,,,
R34L,R,3,4,L,P2.08-1FF-D.55,,,,
R33L,R,3,3,L,P30.07-1HFO.46,,,,
R32L,R,3,2,L,PN.SR.01,,,,
R32L,R,3,2,L,PP.SR.01,,,,
R31L,R,3,1,L,PP.07-1HRO,,,,
R34M,R,3,4,M,PP.SR,,,,
R33M,R,3,3,M,S2.01-1H.41,,,,
R33M,R,3,3,M,S2.05-D.41,,,,
R33M,R,3,3,M,S2.07-1HS.41,,,,
R32M,R,3,2,M,EE.SA.1WA.41,,,,
R31M,R,3,1,M,QQ.SH.A200,,,,
R31M,R,3,1,M,QQ.SH.A200.41,,,,
R31M,R,3,1,M,QQ.SH.A200.46,,,,
R34R,R,3,4,R,PP.SR,,,,
R33R,R,3,3,R,HE.02HS.40,,,,
R33R,R,3,3,R,HE.02WF200.40,,,,
R33R,R,3,3,R,HL.01-1HT.40,,,,
R33R,R,3,3,R,HL2.05R-D.40,,,,
R33R,R,3,3,R,HX.00W.CH.40,,,,
R32R,R,3,2,R,QQ.SH.A300.50,,,,
R32R,R,3,2,R,QQ.SH.A300.46,,,,
R32R,R,3,2,R,QQ.SH.A300.41,,,,
R32R,R,3,2,R,QQ.SH.A300.02,,,,
R32R,R,3,2,R,QQ.SH.A300,,,,
R31R,R,3,1,R,P2.SH.A245,,,,
R44L,R,4,4,L,P2.WB.46,,,,
R43L,R,4,3,L,PP.TR60,,,,
R42L,R,4,2,L,EE.SA.1W,,,,
R42L,R,4,2,L,EE.SA.1WA.41,,,,
R44M,R,4,4,M,PL.SR.02,,,,
R44M,R,4,4,M,PL.07-2H,,,,
R43M,R,4,3,M,P2.SA.A245,,,,
R43M,R,4,3,M,P2.SA.A245.46,,,,
R44R,R,4,4,R,SCR04-57.41,,,,
R43R,R,4,3,R,P2.07-1HR.41,,,,
S44L,S,4,4,L,PA320,,,,
S44R,S,4,4,R,PA340,,,,
S23R,S,2,3,R,PMP145,,60,,
R102R,R,10,2,R,PMP145,,60,,
R131L,R,13,1,L,PMP145,,60,,
T41M,T,4,1,M,ABF15075VD,,,,
T41M,T,4,1,M,ABF150800,,,,
T41M,T,4,1,M,ABF15075Q-M,,2,,
OUT,OUT,,,,DORWARE,OUTSIDE WAREHOUSE,,BIN,
OUT,OUT,,,,216,OUTSIDE WAREHOUSE,,BIN,
OUT,OUT,,,,499,OUTSIDE WAREHOUSE,,BIN,
OUT,OUT,,,,300,OUTSIDE WAREHOUSE,,BIN,
OUT,OUT,,,,DISPLAY,OUTSIDE WAREHOUSE,,BIN,
OUT,OUT,,,,BAU,OUTSIDE WAREHOUSE,,BIN,
OUT,OUT,,,,DORWARE,OUTSIDE WAREHOUSE,,BIN,
OUT,OUT,,,,PANELAS ,OUTSIDE WAREHOUSE,,BIN,
OUT,OUT,,,,SIMAS OLD,OUTSIDE WAREHOUSE,,BIN,
OUT,OUT,,,,491,OUTSIDE WAREHOUSE,,BIN,
OUT,OUT,,,,PA120 FRAME,OUTSIDE WAREHOUSE,,BIN,
OUT,OUT,,,,PC110,OUTSIDE WAREHOUSE,,BIN,
OUT,OUT,,,,PC130,OUTSIDE WAREHOUSE,,BIN,
OUT,OUT,,,,PC150,OUTSIDE WAREHOUSE,,BIN,
OUT,OUT,,,,PC120,OUTSIDE WAREHOUSE,,BIN,
OUT,OUT,,,,PMP2600,OUTSIDE WAREHOUSE,,BIN,
OUT,OUT,,,,PN5693,OUTSIDE WAREHOUSE,,BIN,
OUT,OUT,,,,72 ES99A,OUTSIDE WAREHOUSE,,BIN,
OUT,OUT,,,,LAVABO SEMICASSO GIOVE,OUTSIDE WAREHOUSE,,BIN,
OUT,OUT,,,,BASIN GLASS BA050004,OUTSIDE WAREHOUSE,,BIN,
OUT,OUT,,,,PC110,OUTSIDE WAREHOUSE,,BIN,
OUT,OUT,,,,PN5320,OUTSIDE WAREHOUSE,,BIN,
OUT,OUT,,,,PMP1901,OUTSIDE WAREHOUSE,,BIN,
OUT,OUT,,,,PN5693,OUTSIDE WAREHOUSE,,BIN,
OUT,OUT,,,,FUORT SQUADRO BRAKETS,OUTSIDE WAREHOUSE,,BIN,
OUT,OUT,,,,OLD STYLE ENVY ,OUTSIDE WAREHOUSE,,BIN,
OUT,OUT,,,,RITMONIO MIXED,OUTSIDE WAREHOUSE,,BIN,
OUT,OUT,,,,CABINET WAR DISCONTINUED,OUTSIDE WAREHOUSE,,BIN,
OUT,OUT,,,,CEILING PANELS ,OUTSIDE WAREHOUSE,,BIN,
OUT,OUT,,,,C5213,OUTSIDE WAREHOUSE,,BIN,
OUT,OUT,,,,SAN MARCO,OUTSIDE WAREHOUSE,,BIN,
OUT,OUT,,,,SECOND HAND,OUTSIDE WAREHOUSE,,BIN,
OUT,OUT,,,,PC100,OUTSIDE WAREHOUSE,,BIN,
OUT,OUT,,,,PC120,OUTSIDE WAREHOUSE,,BIN,
OUT,OUT,,,,PC350,OUTSIDE WAREHOUSE,,BIN,
R93L,R,9,3,L,TO.05RW.AQ,,,TAPWARE,
R81M,R,8,1,M,POT,,,TAPWARE,
S84R ,S,8,4,R ,ST.GB90WR,,,,
R72L,R,7,2,L,PMP145,,60,,
S72L,S,7,2,L,E2.HS-3H.50,,,,
S72L,S,7,2,L,E2.HS-3H.41,,,,
S72L,S,7,2,L,E2.HS-3H.02,,,,
S72R,S,7,2,R,PE.04-D,,,,
S72R,S,7,2,R,KV.01-1H,,,,
S72R,S,7,2,R,KS.01-1H,,,,
S72R,S,7,2,R,PE.01-1HH MISSING,,,,
S72R,S,7,2,R,KL.01-1H,,,,
S72R,S,7,2,R,OV.TK-1X,,,,
S72R,S,7,2,R,HQ.01-2U190,,,,
S72R,S,7,2,R,OL.00.TT,,,,
S72R,S,7,2,R,PDB.OL.00.TT,,,,
S72R,S,7,2,R,PDB.OV.03-4HWS,,,,
S72R,S,7,2,R,PDB.OA.01.1A-HD,,,,
S72R,S,7,2,R,HQ.SA.1W,,,,
S72R,S,7,2,R,KQ.01-1H,,,,
S72R,S,7,2,R,KM.01-1H,,,,
S72R,S,7,2,R,PE.04Q-D,,,,
S72R,S,7,2,R,PE.05-D,,,,
S72R,S,7,2,R,PE.04-D1,,,,
S72R,S,7,2,R,PDB.QCU.00.CH,,,,
S72R,S,7,2,R,PE.01-1HH,,,,
S72R,S,7,2,R,LH.01-1H,,,,
S72R,S,7,2,R,LH.01-1HH,,,,
S72R,S,7,2,R,E2.01-2W.48,,,,
S72R,S,7,2,R,PE.02WF190.02,,,,
S72R,S,7,2,R,PE.01-1H,,,,
S72R,S,7,2,R,PE.02WF190,,,,
S72R,S,7,2,R,HP.TG.02,,,,
S72R,S,7,2,R,HL.04-D,,,,
S72R,S,7,2,R,PX.04-I,,,,
S72R,S,7,2,R,PX.04-I.02,,,,
S72R,S,7,2,R,PX.04-I.50,,,,
S72R,S,7,2,R,PX.05-I.02,,,,
S72R,S,7,2,R,PX.05-I.66,,,,
S72R,S,7,2,R,PX.05-I.41,,,,
S72R,S,7,2,R,PX.05-I.50,,,,
S72R,S,7,2,R,PX.01.2W,,,,
S72R,S,7,2,R,PX.05-S.02,,,,
S72R,S,7,2,R,PX.05-S.50,,,,
S72R,S,7,2,R,LH.SR,,,,
S72R,S,7,2,R,LH.SH.B590,,,,
S72R,S,7,2,R,HP.01-1HH,,,,
S72R,S,7,2,R,HQ.01-1H,,,,
S72R,S,7,2,R,HA.01-1HH,,,,
S72R,S,7,2,R,PQ.01-2U190-D,,,,
S72R,S,7,2,R,H6A1T46-7-P1,,,,
S72R,S,7,2,R,PDB.SP.T5A291C,,,,
S72R,S,7,2,R,PDB.XX.P04-D3.RE,,,,
S72R,S,7,2,R,TU2.01-1H.41,,,,
S72R,S,7,2,R,XX.P04-D2.RE,,,,
S72R,S,7,2,R,HA.01-1H,,,,
S72R,S,7,2,R,PE.05-D.02,,,,
S72R,S,7,2,R,PE.05-D.D1,,,,
S72R,S,7,2,R,LH.05-D,,,,
S72R,S,7,2,R,LH.01-2E190-D,,,,
R61L,R,6,1,L,TO.SD02HC.48,,47,,
R61L,R,6,1,L,TO.SD02HC.50,,12,,
R64L,R,6,4,L,P2.HS-3.50,,,TAPWARE,
R64L,R,6,4,L,P2.HS-3.46,,,TAPWARE,
R64L,R,6,4,L,P2.HS-3.02,,,TAPWARE,
R64L,R,6,4,L,P2.SH.A245.02,,,TAPWARE,
S64L,S,6,4,L,E310-E2,,,,
S64M,S,6,4,M,PT.SR,,,,
S64M,S,6,4,M,PT.SR,,,,
S64R,S,6,4,R,CR.01-3H,,5,,
S64R,S,6,4,R,CR.01-3H.CH,,37,,
S64R,S,6,4,R,FR1932,,151,,
S64R,S,6,4,R,FR1921,,340,,
R21L,R,2,1,L,P2.01-2RF-D,,140,,
R21L,R,2,1,L,P2.01-2RF-D.46,,220,,
R53M,R,5,3,M,PN660-C,,,,
R53M,R,5,3,M,PLASTICOS,,,,
R111R,R,11,1,R,PMP145,,60,,
S63L,S,6,3,L,P2.SH.A245.50,,,,
OUT,OUT,,,,RELAX 4 FUNCTION,OUTSIDE WAREHOUSE,,BIN,
OUT,OUT,,,,PMP2301,OUTSIDE WAREHOUSE,,BIN,
OUT,OUT,,,,PN2060,OUTSIDE WAREHOUSE,,BIN,
OUT,OUT,,,,RELAX 4 FUNCTION,OUTSIDE WAREHOUSE,,BIN,
OUT,OUT,,,,RELAX 4 FUNCTION,OUTSIDE WAREHOUSE,,BIN,
OUT,OUT,,,,RELAX 4,OUTSIDE WAREHOUSE,,BIN,
OUT,OUT,,,,PC130,OUTSIDE WAREHOUSE,,BIN,
OUT,OUT,,,,PC130,OUTSIDE WAREHOUSE,,BIN,
OUT,OUT,,,,PN120,OUTSIDE WAREHOUSE,,BIN,
OUT,OUT,,,,PC160,OUTSIDE WAREHOUSE,,BIN,
OUT,OUT,,,,PC120,OUTSIDE WAREHOUSE,,BIN,
OUT,OUT,,,,RELAX 4 FUNCTION,OUTSIDE WAREHOUSE,,BIN,
OUT,OUT,,,,PC120,OUTSIDE WAREHOUSE,,BIN,
OUT,OUT,,,,PN820,OUTSIDE WAREHOUSE,,BIN,
OUT,OUT,,,,PC2009,OUTSIDE WAREHOUSE,,BIN,
OUT,OUT,,,,PC130,OUTSIDE WAREHOUSE,,BIN,
OUT,OUT,,,,PC110,OUTSIDE WAREHOUSE,13,BIN,
OUT,OUT,,,,PN5340,OUTSIDE WAREHOUSE,16,BIN,
OUT,OUT,,,,PC110,OUTSIDE WAREHOUSE,16,BIN,
OUT,OUT,,,,PC110,OUTSIDE WAREHOUSE,14,BIN,
OUT,OUT,,,,PMP280,OUTSIDE WAREHOUSE,,BIN,
OUT,OUT,,,,TC40601,OUTSIDE WAREHOUSE,,BIN,
OUT,OUT,,,,LAVABO WENDER,OUTSIDE WAREHOUSE,,BIN,
OUT,OUT,,,,PARISI SAMPLE,OUTSIDE WAREHOUSE,,BIN,
OUT,OUT,,,,SAMPLE,OUTSIDE WAREHOUSE,,BIN,
OUT,OUT,,,,VA01,OUTSIDE WAREHOUSE,2,BIN,
N00O,N,0,0,O,PK4444,ON THE FLOOR,,FLOOR,
T00U,T,0,0,U,PK4444,ON THE FLOOR,,FLOOR,
T00U,T,0,0,U,PK4444,ON THE FLOOR,,FLOOR,
T00U,T,0,0,U,PK4444,ON THE FLOOR,,FLOOR,
T00U,T,0,0,U,PA110,ON THE FLOOR,48,FLOOR,
T00U,T,0,0,U,PMP225,ON THE FLOOR,,FLOOR,
T00U,T,0,0,U,PMP360,ON THE FLOOR,,FLOOR,
T00U,T,0,0,U,PMP7601/S,ON THE FLOOR,,FLOOR,
T00U,T,0,0,U,PMP225,ON THE FLOOR,,FLOOR,
T00U,T,0,0,U,PMP145,ON THE FLOOR,60,FLOOR,
T00U,T,0,0,U,PMP7601/S,ON THE FLOOR,,FLOOR,
T00U,T,0,0,U,PMP225,ON THE FLOOR,,FLOOR,
T00U,T,0,0,U,PMP7601/S,ON THE FLOOR,,FLOOR,
T00U,T,0,0,U,PA140,ON THE FLOOR,20,FLOOR,
S93R,S,9,3,R,PMP145,,60,TAPWARE,
T84R,T,8,4,R,PC125,,1,WAREHOUSE 2,
U134L,U,13,4,L,PANELAS,,,WAREHOUSE 2,
U134M,U,13,4,M,PANELAS,,,WAREHOUSE 2,
U134R,U,13,4,R,PANELAS,,,WAREHOUSE 2,
U133L,U,13,3,L,PANELAS,,,WAREHOUSE 2,
U133M,U,13,3,M,PANELAS,,,WAREHOUSE 2,
U133R,U,13,3,R,PANELAS,,,WAREHOUSE 2,
U132L,U,13,2,L,PANELAS,,,WAREHOUSE 2,
U132M,U,13,2,M,PANELAS,,,WAREHOUSE 2,
U132R,U,13,2,R,PANELAS,,,WAREHOUSE 2,
U131L,U,13,1,L,PANELAS,,,WAREHOUSE 2,
U131M,U,13,1,M,PANELAS,,,WAREHOUSE 2,
U131R,U,13,1,R,PANELAS,,,WAREHOUSE 2,
U130L,U,13,0,L,PN772,854 KG,24,WAREHOUSE 2,
U130R,U,13,0,R,PN772,854 KG,24,WAREHOUSE 2,
U124L,U,12,4,L,PN772,854 KG,24,WAREHOUSE 2,
U124R,U,12,4,R,PN772,854 KG,24,WAREHOUSE 2,
U123L,U,12,3,L,PN772,854 KG,24,WAREHOUSE 2,
U123R,U,12,3,R,PN772,854 KG,24,WAREHOUSE 2,
U122L,U,12,2,L,PN772,854 KG,24,WAREHOUSE 2,
U122R,U,12,2,R,PN772,854 KG,24,WAREHOUSE 2,
U121L,U,12,1,L,PN772,854 KG,24,WAREHOUSE 2,
U121R,U,12,1,R,PN772,854 KG,24,WAREHOUSE 2,
U120L,U,12,0,L,PN772,854 KG,24,WAREHOUSE 2,
U120R,U,12,0,R,PN772,854 KG,24,WAREHOUSE 2,
U114L,U,11,4,L,PN772,854 KG,24,WAREHOUSE 2,
U114R,U,11,4,R,PN772,854 KG,24,WAREHOUSE 2,
U113L,U,11,3,L,PN772,854 KG,24,WAREHOUSE 2,
U113R,U,11,3,R,PN772,854 KG,24,WAREHOUSE 2,
U112L,U,11,2,L,PN772,854 KG,24,WAREHOUSE 2,
U112R,U,11,2,R,PN772,854 KG,24,WAREHOUSE 2,
U111L,U,11,1,L,PN772,854 KG,24,WAREHOUSE 2,
U111R,U,11,1,R,PN772,854 KG,24,WAREHOUSE 2,
U110L,U,11,0,L,PN772,854 KG,24,WAREHOUSE 2,
U110R,U,11,0,R,PN772,854 KG,24,WAREHOUSE 2,
T114R,T,11,4,R,PN772,854 KG,24,WAREHOUSE 2,
T113R,T,11,3,R,PN772,854 KG,24,WAREHOUSE 2,
T112R,T,11,2,R,PN772,854 KG,24,WAREHOUSE 2,
T111R,T,11,1,R,PN772,854 KG,24,WAREHOUSE 2,
T110R,T,11,0,R,PN772,854 KG,24,WAREHOUSE 2,
T114L,T,11,4,L,PN772,854 KG,24,WAREHOUSE 2,
T113L,T,11,3,L,PN772,854 KG,24,WAREHOUSE 2,
T112L,T,11,2,L,PN772,854 KG,24,WAREHOUSE 2,
T111L,T,11,1,L,PN772,854 KG,24,WAREHOUSE 2,
T110L,T,11,0,L,PN772,854 KG,24,WAREHOUSE 2,
T124R,T,12,4,R,PN772,854 KG,24,WAREHOUSE 2,
T123R,T,12,3,R,PN772,854 KG,24,WAREHOUSE 2,
T122R,T,12,2,R,PN772,854 KG,24,WAREHOUSE 2,
T121R,T,12,1,R,PN772,854 KG,24,WAREHOUSE 2,
T120R,T,12,0,R,PN772,854 KG,24,WAREHOUSE 2,
T124L,T,12,4,L,PN772,854 KG,24,WAREHOUSE 2,
T123L,T,12,3,L,PN772,854 KG,24,WAREHOUSE 2,
T122L,T,12,2,L,PN772,854 KG,24,WAREHOUSE 2,
T121L,T,12,1,L,PN772,854 KG,24,WAREHOUSE 2,
T120L,T,12,0,L,PN772,854 KG,24,WAREHOUSE 2,
T134R,T,13,4,R,PANELAS,,,,
T133R,T,13,3,R,PN030,,,,
T132R,T,13,2,R,PANELAS,,,,
T131R,T,13,1,R,PANELAS,,,,
T130R,T,13,0,R,PN772,854 KG,24,WAREHOUSE 2,
T134L,T,13,4,L,PANELAS,,,,
T133L,T,13,3,L,ES99A,WENDER UNDERSOUNTER BASIN ,,,
T132L,T,13,2,L,PANELAS,,,,
T131L,T,13,1,L,PANELAS,,,,
T130L,T,13,0,L,PN772,854 KG,24,WAREHOUSE 2,
T131M,T,13,1,M,PANELAS,,,,
T132M,T,13,2,M,PANELAS,,,,
T144M,T,14,4,M,?,,,,
T143L,T,14,3,L,PN772,854 KG,24,WAREHOUSE 2,
T142R,T,14,2,R,PN772,854 KG,24,WAREHOUSE 2,
T141L,T,14,1,L,PN772,854 KG,24,WAREHOUSE 2,
T140R,T,14,0,R,PN772,854 KG,24,WAREHOUSE 2,
T140L,T,14,0,L,PN772,854 KG,24,WAREHOUSE 2,
M90R,M,9,0,R,PN800-C,,,WAREHOUSE 2,
Q50M,Q,5,0,M,PMP225,,,FURNITURE,
V130R,V,13,0,R,PN5621,,,,
V130R,V,13,0,R,TC201231,,,,
Z100M,Z,10,0,M,PK5350,,3,,
T94R,T,9,4,R,PC125,,2,,
T94R,T,9,4,R,PC140,,8,,
T94R,T,9,4,R,PN500,,1,,
T94R,T,9,4,R,PC110,CISTERN ,4,,
U80R,U,8,0,R,PN772,854 KG,24,WAREHOUSE 2,
U70L,U,7,0,L,PK5544,,32,WAREHOUSE 2,
U41L,U,4,1,L,PK8644DS,,14,WAREHOUSE 2,
T33R,T,3,3,R,PN622,758KG,30,WAREHOUSE 2,
Z30L,Z,3,0,L,PN5621,,,,
S142L,S,14,2,L,PMP145,,60,,
T143R,T,14,3,R,PN772,854 KG,24,WAREHOUSE 2,
T141R,T,14,1,R,PN772,854 KG,24,WAREHOUSE 2,
S12R,S,1,2,R,PMP145,,60,TAPWARE,
N42L,N,4,2,L,PMP145,,60,WAREHOUSE 2,
Z62M,Z,6,2,M,PN5800,,,,
Z64M,Z,6,4,M,PN622,758KG,30,,
Z63M,Z,6,3,M,PN612,,,WAREHOUSE 2,
U42R,U,4,2,R,PK7644L,,16,WAREHOUSE 2,
U42L,U,4,2,L,PK7644L,,16,WAREHOUSE 2,
V24R,V,2,4,R,YL06811,,,,
V24R,V,2,4,R,YL06821,,,,
V24R,V,2,4,R,YL0612,,,,
V24R,V,2,4,R,YL0610B,,,,
V24R,V,2,4,R,YL061,,,,
V24R,V,2,4,R,YL062,,,,
V24R,V,2,4,R,YL062B,,,,
V24R,V,2,4,R,YL062D,,,,
V24R,V,2,4,R,YL063,,71,,
V24R,V,2,4,R,YL069D,,,,
Q131L,Q,13,1,L,PMP145,,60,FURNITURE,
S101L,S,10,1,L,P2.08-DTW.50,,60,TAPWARE,
S101M,S,10,1,M,P2.08-DTW.46,,60,TAPWARE,
S101R,S,10,1,R,P2.08-DTW-5,,60,TAPWARE,
V24L,V,2,4,L,DS1380,,173,WAREHOUSE 2,
V24L,V,2,4,L,DS1838,,13,WAREHOUSE 2,
V24L,V,2,4,L,DS1821,,224,WAREHOUSE 2,
V24L,V,2,4,L,DS1825,,171,WAREHOUSE 2,
V24L,V,2,4,L,DS1828,,220,WAREHOUSE 2,
M111R,M,11,1,R,PN800,,,WAREHOUSE 2,
OUT,OUT,,,,PN350,OUTSIDE WAREHOUSE Line 01 Column 2 ,,BIN,
OUT,OUT,,,,PN5320,OUTSIDE WAREHOUSE Line 01 Column 2 ,,BIN,
OUT,OUT,,,,CS213,OUTSIDE WAREHOUSE Line 01 Column 2 ,,BIN,
OUT,OUT,,,,PI TAIWAN,OUTSIDE WAREHOUSE Line 02 Column 3 ,,BIN,
OUT,OUT,,,,ES99A - WENDER,OUTSIDE WAREHOUSE Line 02 Column B,,BIN,
OUT,OUT,,,,AC3200,OUTSIDE WAREHOUSE Line 03 Column B,,BIN,
OUT,OUT,,,,AS206,OUTSIDE WAREHOUSE Line 03 Column B,,BIN,
OUT,OUT,,,,BA050004 GLASS,OUTSIDE WAREHOUSE Line 03 Column B,,BIN,
OUT,OUT,,,,PC140,OUTSIDE WAREHOUSE Line 03 Column B,,BIN,
OUT,OUT,,,,PC130,OUTSIDE WAREHOUSE Line 04 Column C,,BIN,
OUT,OUT,,,,PC150,OUTSIDE WAREHOUSE Line 03 Column C,,BIN,
OUT,OUT,,,,PC110,OUTSIDE WAREHOUSE Line 02 Column B,,BIN,
OUT,OUT,,,,PANELAS,OUTSIDE WAREHOUSE Line 04 Column B,,BIN,
OUT,OUT,,,,PN700-P,OUTSIDE WAREHOUSE Line 04 Column A,,BIN,
OUT,OUT,,,,PN760,OUTSIDE WAREHOUSE Line 04 Column A,,BIN,
OUT,OUT,,,,PN730,OUTSIDE WAREHOUSE Line 04 Column A,,BIN,
OUT,OUT,,,,PMP2400,OUTSIDE WAREHOUSE Line 04 Column A,,BIN,
OUT,OUT,,,,PN2691,OUTSIDE WAREHOUSE Line 04 Column A,,BIN,
OUT,OUT,,,,PMP250,OUTSIDE WAREHOUSE Line 04 Column A,,BIN,
OUT,OUT,,,,PMP140,OUTSIDE WAREHOUSE Line 04 Column A,,BIN,
OUT,OUT,,,,PMP3101,OUTSIDE WAREHOUSE Line 04 Column A,,BIN,
OUT,OUT,,,,PN800-P,OUTSIDE WAREHOUSE Line 04 Column A,,BIN,
OUT,OUT,,,,FUORI SQUADRO BRAKETS,OUTSIDE WAREHOUSE Line 05  Column C,,BIN,
OUT,OUT,,,,PANELAS,OUTSIDE WAREHOUSE Line 05  Column C,,BIN,
OUT,OUT,,,,PANELAS,OUTSIDE WAREHOUSE Line 05  Column C,,BIN,
OUT,OUT,,,,SAN MARCO,OUTSIDE WAREHOUSE Line 05  Column C,,BIN,
OUT,OUT,,,,SMDU01,OUTSIDE WAREHOUSE Line 06 Column C,,BIN,
OUT,OUT,,,,SMDU18,OUTSIDE WAREHOUSE Line 06 Column C,,BIN,
OUT,OUT,,,,SMDU19,OUTSIDE WAREHOUSE Line 06 Column C,,BIN,
OUT,OUT,,,,LAVABO SEMINCASSO - GIOVE,OUTSIDE WAREHOUSE Line 06 Column B,,BIN,
OUT,OUT,,,,PMP1900,OUTSIDE WAREHOUSE Line 06 Column A,,BIN,
OUT,OUT,,,,PMP1901,OUTSIDE WAREHOUSE Line 06 Column A,,BIN,
OUT,OUT,,,,TC40601,OUTSIDE WAREHOUSE Line 07  Column C,,BIN,
OUT,OUT,,,,TC40800,OUTSIDE WAREHOUSE Line 07  Column C,,BIN,
OUT,OUT,,,,PC120,OUTSIDE WAREHOUSE Line 07  Column C,,BIN,
OUT,OUT,,,,DISPLAY UNIT,OUTSIDE WAREHOUSE Line 07  Column C,,BIN,
OUT,OUT,,,,PMP2600,OUTSIDE WAREHOUSE Line 03 Column A,,BIN,
OUT,OUT,,,,PN5693,OUTSIDE WAREHOUSE Line 03 Column C,,BIN,
OUT,OUT,,,,PC120,OUTSIDE WAREHOUSE Line 03 Column C,,BIN,
OUT,OUT,,,,PN2060,OUTSIDE WAREHOUSE Line 01 Column C,,BIN,
OUT,OUT,,,,PN800-P,OUTSIDE WAREHOUSE Line 02 Column C,,BIN,
OUT,OUT,,,,PANELAS,OUTSIDE WAREHOUSE Line 02 Column C,,BIN,
OUT,OUT,,,,PARISI DOORWARE,OUTSIDE WAREHOUSE Line 01 Column C,,BIN,
OUT,OUT,,,,2A-MN CR/OLV,OUTSIDE WAREHOUSE Line 01 Column A,,BIN,
OUT,OUT,,,,WALL BOARD,OUTSIDE WAREHOUSE Line 01 Column A,,BIN,
OUT,OUT,,,,PC135,OUTSIDE WAREHOUSE Line 01 Column A,,BIN,
OUT,OUT,,,,L3B9 - OVER FLOW,OUTSIDE WAREHOUSE Line 01 Column A,,BIN,
OUT,OUT,,,,S2014F,OUTSIDE WAREHOUSE Line 03 Column C,,BIN,
OUT,OUT,,,,EROS SAMPLE,OUTSIDE WAREHOUSE Line 04 Column B,,BIN,
OUT,OUT,,,,LAVABO SEMINCASSO - BIANCO,OUTSIDE WAREHOUSE Line 04 Column C,,BIN,
OUT,OUT,,,,CRL - CROMO,OUTSIDE WAREHOUSE Line 05  Column C,,BIN,
OUT,OUT,,,,RT0114S,OUTSIDE WAREHOUSE Line 05  Column C,,BIN,
OUT,OUT,,,,CERAMICA ESEDRA,OUTSIDE WAREHOUSE Line 05  Column C,,BIN,
OUT,OUT,,,,PN5693,OUTSIDE WAREHOUSE Line 05 Column A,,BIN,
OUT,OUT,,,,VT440,OUTSIDE WAREHOUSE Line 05 Column A,,BIN,
OUT,OUT,,,,PC120,OUTSIDE WAREHOUSE Line 02 Column A,,BIN,
OUT,OUT,,,,PN820,OUTSIDE WAREHOUSE Line TOPO 02 Column A,,BIN,
OUT,OUT,,,,PC110,OUTSIDE WAREHOUSE Line TOPO 02 Column A,,BIN,
OUT,OUT,,,,PC130,OUTSIDE WAREHOUSE Line 02 Column B,,BIN,
OUT,OUT,,,,LAVABRO KALI,OUTSIDE WAREHOUSE Line 02 Column C,,BIN,
OUT,OUT,,,,PC110,OUTSIDE WAREHOUSE Line 02 Column D,,BIN,
OUT,OUT,,,,PN5320,OUTSIDE WAREHOUSE Line 02 Column D,,BIN,
OUT,OUT,,,,PC110,OUTSIDE WAREHOUSE Line 02 Column E,,BIN,
OUT,OUT,,,,PC110,OUTSIDE WAREHOUSE Line 02 Column F,,BIN,
OUT,OUT,,,,PMP280,OUTSIDE WAREHOUSE Line 02 Column G,,BIN,
OUT,OUT,,,,BRO1,OUTSIDE WAREHOUSE Line 03 Column A,,BIN,
OUT,OUT,,,,FLW10,OUTSIDE WAREHOUSE Line 03 Column A,,BIN,
OUT,OUT,,,,PMP280,OUTSIDE WAREHOUSE Line 03 Column B,,BIN,
OUT,OUT,,,,PC120,OUTSIDE WAREHOUSE Line 01 Column A,,BIN,
OUT,OUT,,,,RELAX 4 FUNCTION HARD SHOWER,OUTSIDE WAREHOUSE Line TOPO 01 Column A,,BIN,
OUT,OUT,,,,PC120,OUTSIDE WAREHOUSE Line 01 Column B,,BIN,
OUT,OUT,,,,PC160,OUTSIDE WAREHOUSE Line TOPO 01 Column B,,BIN,
OUT,OUT,,,,PC130,OUTSIDE WAREHOUSE Line 01 Column C,,BIN,
OUT,OUT,,,,PC130,OUTSIDE WAREHOUSE Line TOPO 01 Column C,,BIN,
OUT,OUT,,,,RELAX 4 FUNCTION HARD SHOWER,OUTSIDE WAREHOUSE Line 01 Column D,,BIN,
OUT,OUT,,,,PN0030,OUTSIDE WAREHOUSE Line TOPO 01 Column D,,BIN,
OUT,OUT,,,,RELAX 4 FUNCTION HARD SHOWER,OUTSIDE WAREHOUSE Line 01 Column E,,BIN,
OUT,OUT,,,,RELAX 4 FUNCTION HARD SHOWER,OUTSIDE WAREHOUSE Line 01 Column F,,BIN,
OUT,OUT,,,,PN600,OUTSIDE WAREHOUSE Line 01 Column F,,BIN,
OUT,OUT,,,,PN2060,OUTSIDE WAREHOUSE Line 01 Column G,,BIN,
OUT,OUT,,,,RELAX 4 FUNCTION HARD SHOWER,OUTSIDE WAREHOUSE Line TOPO 01 Column G,,BIN,
S42R,S,4,2,R,PMP225.01,,,TAPWARE,
V64L,V,6,4,L,PK8644,,16,WAREHOUSE 2,
R91L,R,9,1,L,PMP145,,60,WAREHOUSE 2,
L50L,L,5,0,L,PN822,,,WAREHOUSE 2,
L50R,L,5,0,R,PN702,502KG,16,WAREHOUSE 2,
M70L,M,7,0,L,TFL020,,,WAREHOUSE 2,
M70R,M,7,0,R,T133,,,WAREHOUSE 2,
M80L,M,8,0,L,T133,,,WAREHOUSE 2,
M80R,M,8,0,R,T133,,,WAREHOUSE 2,
M90L,M,9,0,L,PN800-C,,,WAREHOUSE 2,
M90R,M,9,0,R,PN800-C,,,WAREHOUSE 2,
M100L,M,10,0,L,PN800-C,,,WAREHOUSE 2,
M100R,M,10,0,R,PN800-C,,,WAREHOUSE 2,
M110L,M,11,0,L,PN800-C,,,WAREHOUSE 2,
M110R,M,11,0,R,PN800-C,,,WAREHOUSE 2,
M121R,M,12,1,R,PN800,,,WAREHOUSE 2,
M121L,M,12,1,L,PN800,,,WAREHOUSE 2,
M120L,M,12,0,L,PN800,,,WAREHOUSE 2,
M120R,M,12,0,R,PN800,,,WAREHOUSE 2,
M131L,M,13,1,L,PN800,,,WAREHOUSE 2,
M131R,M,13,1,R,PN800,,,WAREHOUSE 2,
M130L,M,13,0,L,PN800-C,,,WAREHOUSE 2,
M130R,M,13,0,R,PN800-C,,,WAREHOUSE 2,
M142L,M,14,2,L,PN800,,,WAREHOUSE 2,
M142R,M,14,2,R,PN800,,,WAREHOUSE 2,
M141L,M,14,1,L,PN800,,,WAREHOUSE 2,
M141R,M,14,1,R,PN800,,,WAREHOUSE 2,
M140L,M,14,0,L,PN800-C,,,WAREHOUSE 2,
M140R,M,14,0,R,PN800-C,,,WAREHOUSE 2,
M152L,M,15,2,L,PN800,,,WAREHOUSE 2,
M152R,M,15,2,R,PN800,,,WAREHOUSE 2,
M151L,M,15,1,L,PN800,,,WAREHOUSE 2,
M151R,M,15,1,R,PN800,,,WAREHOUSE 2,
M150L,M,15,0,L,PN800-C,,,WAREHOUSE 2,
M150R,M,15,0,R,PN800-P,,,WAREHOUSE 2,
M160M,M,16,0,M,PN800-C,,,WAREHOUSE 2,
L40M,L,4,0,M,PN820,,,WAREHOUSE 2,
L60M,L,6,0,M,PN822-P,,,WAREHOUSE 2,
L70M,L,7,0,M,PN800-C,,,WAREHOUSE 2,
L70M,L,7,0,M,PN800-P,,,WAREHOUSE 2,
L82R,L,8,2,R,PN800,,,WAREHOUSE 2,
L80L,L,8,0,L,PN800-C,,,WAREHOUSE 2,
L80R,L,8,0,R,PN800-C,,,WAREHOUSE 2,
L83L,L,8,3,L,?,,,WAREHOUSE 2,
L91M,L,9,1,M,PN800,,,WAREHOUSE 2,
L90M,L,9,0,M,PN800-C,,,WAREHOUSE 2,
L100L,L,10,0,L,PN800-C,,,WAREHOUSE 2,
L100R,L,10,0,R,PN800-C,,,WAREHOUSE 2,
L110L,L,11,0,L,PN800-C,,,WAREHOUSE 2,
L110R,L,11,0,R,PN800-C,,,WAREHOUSE 2,
L120M,L,12,0,M,PN800-C,,,WAREHOUSE 2,
L131L,L,13,1,L,PN800,,,WAREHOUSE 2,
L131R,L,13,1,R,PN800,,,WAREHOUSE 2,
L130L,L,13,0,L,PN800-C,,,WAREHOUSE 2,
L130R,L,13,0,R,PN800-C,,,WAREHOUSE 2,
L140M,L,14,0,M,PN800-C,,,WAREHOUSE 2,
L152R,L,15,2,R,PN800,,,WAREHOUSE 2,
L152R,L,15,2,R,PN800,,,WAREHOUSE 2,
L151L,L,15,1,L,PN800,,,WAREHOUSE 2,
L151L,L,15,1,L,PN800,,,WAREHOUSE 2,
L150L,L,15,0,L,PN800-C,,,WAREHOUSE 2,
L150R,L,15,0,R,PN800-C,,,WAREHOUSE 2,
L161M,L,16,1,M,PN800,,,WAREHOUSE 2,
L162M,L,16,2,M,PN800,,,WAREHOUSE 2,
L160M,L,16,0,M,PN800-C,,,WAREHOUSE 2,
V51M,V,5,1,M,PK7444,,16,WAREHOUSE 2,
S151M,S,15,1,M,QQ.03F,NO BODY,60,TAPWARE,
L31L,L,3,1,L,PN832,,,,
V73L,V,7,3,L,PK8644,,16,WAREHOUSE 2,
V73R,V,7,3,R,PK8644,,16,WAREHOUSE 2,
V130M,V,13,0,M,PN5621,,,,
V130M,V,13,0,M,TC201231,,,,
V91R,V,9,1,R,PK8644,,16,WAREHOUSE 2,
Z41R,Z,4,1,R,PMP335,,,,
V41M,V,4,1,M,PN5745,,168,,
S41L,S,4,1,L,ABF15075B,BATH,,TAPWARE,
P24R,P,2,4,R,PN602,,,,
P14L,P,1,4,L,S61,,50,,
P14R,P,1,4,R,S61,,50,,
R61R,R,6,1,R,P2.08-DTW,,66,TAPWARE,
S52M,S,5,2,M,P2.08-DTW.41,,66,TAPWARE,
R22L,R,2,2,L,P2.08-DTW.41,,66,TAPWARE,
S52L,S,5,2,L,P2.08-DTW.41,,66,TAPWARE,
S52R,S,5,2,R,P2.08-DTW.41,,66,TAPWARE,
L52L,L,5,2,L,PMP145,,60,TAPWARE,
R61M,R,6,1,M,P2.08-DTW.41,,66,TAPWARE,
R61L,R,6,1,L,P2.08-DTW.41,,66,TAPWARE,
O10R,O,1,0,R,T133,,,WAREHOUSE 2,
O10L,O,1,0,L,T133,,,WAREHOUSE 2,
O24R,O,2,4,R,PN720,,,WAREHOUSE 2,
O23R,O,2,3,R,PN702,502KG,16,WAREHOUSE 2,
O22R,O,2,2,R,AC270,,,WAREHOUSE 2,
O23L,O,2,3,L,AC270,,,WAREHOUSE 2,
O20L,O,2,0,L,T133,,,WAREHOUSE 2,
O20R,O,2,0,R,T133,,,WAREHOUSE 2,
O30L,O,3,0,L,PA320,,,WAREHOUSE 2,
O30R,O,3,0,R,PN702,502KG,16,WAREHOUSE 2,
N14R,N,1,4,R,PN832,,,WAREHOUSE 2,
N30L,N,3,0,L,PN702,502KG,16,WAREHOUSE 2,
N30R,N,3,0,R,PN702,502KG,16,WAREHOUSE 2,
U41R,U,4,1,R,PK8644DS,,14,WAREHOUSE 2,
R71L,R,7,1,L,T2.WB.48,,432,TAPWARE,
S51R,S,5,1,R,P2.WB.46,,300,TAPWARE,
R93R,R,9,3,R,T2.WB,,66,TAPWARE,
R93R,R,9,3,R,T2.WB.41,,24,TAPWARE,
R93R,R,9,3,R,T2.WB.46,,318,TAPWARE,
R93R,R,9,3,R,T2.WB.50,,24,TAPWARE,
P103R,P,10,3,R,PK5544.57,,32,FURNITURE,
T22R,T,2,2,R,PN622,758KG,30,WAREHOUSE 2,
T31R,T,3,1,R,PN622,758KG,30,WAREHOUSE 2,
T42L,T,4,2,L,PK8644D,,14,WAREHOUSE 2,
O42M,O,4,2,M,BLADE 1500,BATH,,WAREHOUSE 2,
O42R,O,4,2,R,ABF15075B,BATH,3,WAREHOUSE 2,
O41L,O,4,1,L,ABF15075VD-O,BATH,3,WAREHOUSE 2,
O41M,O,4,1,M,ABF15075B,BATH,3,WAREHOUSE 2,
O41R,O,4,1,R,PK7444,,16,WAREHOUSE 2,
L43L,L,4,3,L,AB17070.E,BATH,,WAREHOUSE 2,
L43R,L,4,3,R,AB17070.E,BATH,,WAREHOUSE 2,
L42L,L,4,2,L,ABF16585VD-O,BATH,3,WAREHOUSE 2,
L42M,L,4,2,M,PK7444,,16,WAREHOUSE 2,
L42R,L,4,2,R,ABF17070-E,BATH,28,WAREHOUSE 2,
Z41L,Z,4,1,L,ABF17075.B,BATH,4,WAREHOUSE 2,
L41L,L,4,1,L,ABF17075.B,BATH,,WAREHOUSE 2,
P42L,P,4,2,L,ABF15075E-O,BATH,,WAREHOUSE 2,
P42M,P,4,2,M,ABF17080BE,BATH,,WAREHOUSE 2,
P42R,P,4,2,R,QUASAR 1700,BATH,,WAREHOUSE 2,
P42M,P,4,2,M,BLADE 1500,BATH,,WAREHOUSE 2,
P41L,P,4,1,L,ABF15075VD-O,BATH,,WAREHOUSE 2,
P41M,P,4,1,M,ABF1658VD-O,BATH,,WAREHOUSE 2,
P41R,P,4,1,R,ABF16585VD-O,BATH,,WAREHOUSE 2,
M50L,M,5,0,L,T133,,,WAREHOUSE 2,
U61R,U,6,1,R,PMP225,,,WAREHOUSE 2,
S42L,S,4,2,L,PN5630,,120,TAPWARE,
S41M,S,4,1,M,BLADE 1500,,,TAPWARE,
S41M,S,4,1,M,ABF15074H,BATH,,TAPWARE,
S41R,S,4,1,R,ABF15075B,BATH,,TAPWARE,
V42M,V,4,2,M,ABF15075VD,BATH,3,WAREHOUSE 2,
V41L,V,4,1,L,PN5745,,168,WAREHOUSE 2,
H321L,H,32,1,L,ABF15070L,BATH,9,WAREHOUSE 2,
H321R,H,32,1,R,ABF15070L-O,BATH,9,,
Z51M,Z,5,1,M,BLADE 1500,BATH,3,WAREHOUSE 2,
Z51R,Z,5,1,R,ABF15075H-O,BATH,2,WAREHOUSE 2,
Z41L,Z,4,1,L,ABF16585V,BATH,1,WAREHOUSE 2,
Z41L,Z,4,1,L,ABF17080H-M,BATH,1,WAREHOUSE 2,
Z41M,Z,4,1,M,ABF15075Q,BATH,1,WAREHOUSE 2,
Z41M,Z,4,1,M,ABF17070.E,BATH,8,WAREHOUSE 2,
Z42L,Z,4,2,L,ABF16785M,BATH,3,WAREHOUSE 2,
Z42M,Z,4,2,M,ABF15075Q,BATH,1,WAREHOUSE 2,
Z42M,Z,4,2,M,ABF15075E,BATH,,WAREHOUSE 2,
T41L,T,4,1,L,ABF15075H-M,BATH,,WAREHOUSE 2,
T41L,T,4,1,L,ABF15075Q-M,BATH,,WAREHOUSE 2,
T42R,T,4,2,R,ABF15075VD,BATH,3,WAREHOUSE 2,
T41M,T,4,1,M,ABF15075VD,BATH,3,WAREHOUSE 2,
T41M,T,4,1,M,ABF15075VD-O,BATH,1,WAREHOUSE 2,
U41M,U,4,1,M,PK7644L,,16,WAREHOUSE 2,
M14R,M,1,4,R,PN800,,,,
M14L,M,1,4,L,PN800,,,,
M13R,M,1,3,R,PN600,,,,
M13L,M,1,3,L,PN812,,,,
M12L,M,1,2,L,DL12,,16,WAREHOUSE 2,
M12R,M,1,2,R,PN730,,,,
M22R,M,2,2,R,PA310,,,,
M22L,M,2,2,L,PN5600,,,,
M23R,M,2,3,R,SMQU65S,,24,,
M23L,M,2,3,L,SMQU65S,,24,,
M24R,M,2,4,R,PN600,,,,
M24L,M,2,4,L,PN822,,,,
M11R,M,1,1,R,PN900,,,,
M11L,M,1,1,L,AC6361,,52,,
M21R,M,2,1,R,PA330,,,,
M21L,M,2,1,L,PN602,,,,
L12L,L,1,2,L,AC1951,,75,,
L12R,L,1,2,R,AC6361,,52,,
L14L,L,1,4,L,PN600,,,,
L14R,L,1,4,R,AC6361,,48,,
L13L,L,1,3,L,HIDL55,NTH,8,,
L13L,L,1,3,L,HIDL55,1TH,10,,
L13L,L,1,3,L,AC9901,,3,,
L13R,L,1,3,R,HIAB10,,2,,
L13R,L,1,3,R,HIABW10,,1,,
L13R,L,1,3,R,HIFL10,,1,,
L13R,L,1,3,R,HIFLW10,,3,,
L13R,L,1,3,R,HIGW10,,1,,
L13R,L,1,3,R,HIGW14,,1,,
L13R,L,1,3,R,HIL010,,2,,
L13R,L,1,3,R,AC68041,,1,,
L21L,L,2,1,L,PN600,,,,
L21R,L,2,1,R,PN732,,,WAREHOUSE 2,
L22L,L,2,2,L,PN822,,,,
L22R,L,2,2,R,AC533,,6,,
L22R,L,2,2,R,AC534,,7,,
L22R,L,2,2,R,AC535,,5,,
L22R,L,2,2,R,AC536,,7,,
L23L,L,2,3,L,AC0301,,31,,
L23R,L,2,3,R,AC1951,,84,,
L24L,L,2,4,L,AB12,,14,,
L24R,L,2,4,R,PN5600,,,,
L31M,L,3,1,M,AB18,,67,,
L32M,L,3,2,M,AC0301,,33,,
L32M,L,3,2,M,AC0311,,1,,
L33M,L,3,3,M,AC1951,,97,,
L34M,L,3,4,M,FL50000,,,,
L34M,L,3,4,M,VA01.01,,,,
L34M,L,3,4,M,PAN,,,,
L34M,L,3,4,M,PN800,,,,
L34M,L,3,4,M,URINAL,,,,
L34M,L,3,4,M,SAMPLE SEAT,,,,
L34M,L,3,4,M,FLSEAT,,,,
L34M,L,3,4,M,TC1201200,,,,
L34M,L,3,4,M,BASIN,,,,
L34M,L,3,4,M,FL5090,,,,
L34M,L,3,4,M,PLUMBER,,,,
L44L,L,4,4,L,AC1816,,12,,
L44L,L,4,4,L,AC2816,,6,,
L44L,L,4,4,L,AC4816,,1,,
M34L,M,3,4,L,PN832,,,,
M43R,M,4,3,R,PN812,,,,
Q10L,Q,1,0,L,T133,,,,
Q10R,Q,1,0,R,T133,,,,
Q11R,Q,1,1,R,SMQU65S,,24,,
Q11L,Q,1,1,L,SMQU65S,,24,,
Q20L,Q,2,0,L,T133,,,,
Q20R,Q,2,0,R,T133,,,,
Q21R,Q,2,1,R,SMQU65S,,24,,
Q21L,Q,2,1,L,SMQU65D,,,,
Q30L,Q,3,0,L,T133,,,,
Q30R,Q,3,0,R,SMQ65S,,,,
Q31L,Q,3,1,L,SMQU65D,,,,
Q31R,Q,3,1,R,SMSQU65D,,,,
Z43M,Z,4,3,M,PN5745,,168,,
S81L,S,8,1,L,PN5745,,168,,
P91R,P,9,1,R,PA136,,168,,
T11M,T,1,1,M,PN5745,,168,,
T12M,T,1,2,M,PN5745,,168,,
L41R,L,4,1,R,PN5745,,168,,
T71R,T,7,1,R,PN5745,,168,,
T71M,T,7,1,M,PN5745,,168,,
V41R,V,4,1,R,PN5745,,168,,
Z51L,Z,5,1,L,PN5745,,168,,
Z10R,Z,1,0,R,PMP1001,,,,
U64R,U,6,4,R,PMP385,,,,
G231L,G,23,1,L,PN5775,,,WAREHOUSE 1,
T13R,T,1,3,R,PN702,502KG,16,,
N42R,N,4,2,R,PMP225,,,WAREHOUSE 2,
S10L,S,1,0,L,T133,,,TAPWARE,
T54R,T,5,4,R,YL019,,59,,
T54R,T,5,4,R,YL0110B,,35,,
T54R,T,5,4,R,YL021,,12,,
T54R,T,5,4,R,YL022,,32,,
T54R,T,5,4,R,YL022B,,42,,
T54R,T,5,4,R,YL022D,,29,,
T54R,T,5,4,R,YL023,,27,,
T61L,T,6,1,L,YL041,,,,
T61L,T,6,1,L,YL042,,,,
T61L,T,6,1,L,YL043,,,,
T61L,T,6,1,L,YL045D,,,,
T61L,T,6,1,L,YL046,,,,
T61L,T,6,1,L,YL04821,,,,
T74R,T,7,4,R,FR1932,,2,,
T74R,T,7,4,R,FR1941,,1,,
T74R,T,7,4,R,FR1951,,55,,
T74R,T,7,4,R,FR1960,,7,,
T74R,T,7,4,R,FR1912,,45,,
T74R,T,7,4,R,FR1922D,,20,,
T74R,T,7,4,R,FR1922,,54,,
T74R,T,7,4,R,FR1923,,31,,
T74R,T,7,4,R,FR1921,,6,,
T74R,T,7,4,R,FR1912,,49,,
T74R,T,7,4,R,FR1930,,41,,
T74R,T,7,4,R,FR1931,,10,,
T74R,T,7,4,R,FR1970,,69,,
T74R,T,7,4,R,FR1980,,51,,
T74R,T,7,4,R,FR1920,,4,,
V42L,V,4,2,L,PK5544,,32,WAREHOUSE 2,
V42R,V,4,2,R,PK5544,,32,WAREHOUSE 2,
U42M,U,4,2,M,PK7644L,,16,,
T43L,T,4,3,L,PK8644D,,13,WAREHOUSE 2,
T43R,T,4,3,R,PK7444,,16,WAREHOUSE 2,
T43M,T,4,3,M,PK7444,,16,WAREHOUSE 2,
T42M,T,4,2,M,PK7444,,16,WAREHOUSE 2,
